Domain Code,Domain,Area Code (M49),Area,Element Code,Element,Item Code,Item,Year Code,Year,Unit,Value,Flag,Flag Description
"RT","Pesticides Trade","144","Sri Lanka","5610","Import quantity","1357","Pesticides (total)","2015","2015","t","10771.221","X","Value from external organization"
"RT","Pesticides Trade","144","Sri Lanka","5610","Import quantity","1357","Pesticides (total)","2016","2016","t","7902.5154","I","Value imputed by a receiving agency"
"RT","Pesticides Trade","144","Sri Lanka","5610","Import quantity","1357","Pesticides (total)","2017","2017","t","5514.4791","I","Value imputed by a receiving agency"
"RT","Pesticides Trade","144","Sri Lanka","5610","Import quantity","1357","Pesticides (total)","2018","2018","t","6368.2493","I","Value imputed by a receiving agency"
"RT","Pesticides Trade","144","Sri Lanka","5610","Import quantity","1357","Pesticides (total)","2019","2019","t","7222.0196","X","Value from external organization"
"RT","Pesticides Trade","144","Sri Lanka","5610","Import quantity","1357","Pesticides (total)","2020","2020","t","10033.3785","X","Value from external organization"
"RT","Pesticides Trade","144","Sri Lanka","5610","Import quantity","1357","Pesticides (total)","2021","2021","t","7715.8332","X","Value from external organization"
"RT","Pesticides Trade","144","Sri Lanka","5610","Import quantity","1357","Pesticides (total)","2022","2022","t","5944.724","X","Value from external organization"
"RT","Pesticides Trade","144","Sri Lanka","5610","Import quantity","1357","Pesticides (total)","2023","2023","t","9006.3644","X","Value from external organization"
"RT","Pesticides Trade","144","Sri Lanka","5610","Import quantity","1357","Pesticides (total)","2024","2024","t","15545.5398","X","Value from external organization"
"RT","Pesticides Trade","144","Sri Lanka","5622","Import value","1357","Pesticides (total)","2015","2015","1000 USD","65896.276","X","Value from external organization"
"RT","Pesticides Trade","144","Sri Lanka","5622","Import value","1357","Pesticides (total)","2016","2016","1000 USD","54564.262","X","Value from external organization"
"RT","Pesticides Trade","144","Sri Lanka","5622","Import value","1357","Pesticides (total)","2017","2017","1000 USD","38075.659","X","Value from external organization"
"RT","Pesticides Trade","144","Sri Lanka","5622","Import value","1357","Pesticides (total)","2018","2018","1000 USD","45376.7469","I","Value imputed by a receiving agency"
"RT","Pesticides Trade","144","Sri Lanka","5622","Import value","1357","Pesticides (total)","2019","2019","1000 USD","52677.8348","X","Value from external organization"
"RT","Pesticides Trade","144","Sri Lanka","5622","Import value","1357","Pesticides (total)","2020","2020","1000 USD","64738.3809","X","Value from external organization"
"RT","Pesticides Trade","144","Sri Lanka","5622","Import value","1357","Pesticides (total)","2021","2021","1000 USD","45562.3584","X","Value from external organization"
"RT","Pesticides Trade","144","Sri Lanka","5622","Import value","1357","Pesticides (total)","2022","2022","1000 USD","44764.2842","X","Value from external organization"
"RT","Pesticides Trade","144","Sri Lanka","5622","Import value","1357","Pesticides (total)","2023","2023","1000 USD","62879.6402","X","Value from external organization"
"RT","Pesticides Trade","144","Sri Lanka","5622","Import value","1357","Pesticides (total)","2024","2024","1000 USD","88626.8718","X","Value from external organization"
"RT","Pesticides Trade","144","Sri Lanka","5910","Export quantity","1357","Pesticides (total)","2015","2015","t","433.288","X","Value from external organization"
"RT","Pesticides Trade","144","Sri Lanka","5910","Export quantity","1357","Pesticides (total)","2016","2016","t","265.688","X","Value from external organization"
"RT","Pesticides Trade","144","Sri Lanka","5910","Export quantity","1357","Pesticides (total)","2017","2017","t","74.9217","I","Value imputed by a receiving agency"
"RT","Pesticides Trade","144","Sri Lanka","5910","Export quantity","1357","Pesticides (total)","2018","2018","t","61.4584","I","Value imputed by a receiving agency"
"RT","Pesticides Trade","144","Sri Lanka","5910","Export quantity","1357","Pesticides (total)","2019","2019","t","47.9951","X","Value from external organization"
"RT","Pesticides Trade","144","Sri Lanka","5910","Export quantity","1357","Pesticides (total)","2020","2020","t","93.5197","X","Value from external organization"
"RT","Pesticides Trade","144","Sri Lanka","5910","Export quantity","1357","Pesticides (total)","2021","2021","t","64.0434","X","Value from external organization"
"RT","Pesticides Trade","144","Sri Lanka","5910","Export quantity","1357","Pesticides (total)","2022","2022","t","45.6516","X","Value from external organization"
"RT","Pesticides Trade","144","Sri Lanka","5910","Export quantity","1357","Pesticides (total)","2023","2023","t","22.0019","X","Value from external organization"
"RT","Pesticides Trade","144","Sri Lanka","5910","Export quantity","1357","Pesticides (total)","2024","2024","t","47.6689","X","Value from external organization"
"RT","Pesticides Trade","144","Sri Lanka","5922","Export value","1357","Pesticides (total)","2015","2015","1000 USD","1188.306","X","Value from external organization"
"RT","Pesticides Trade","144","Sri Lanka","5922","Export value","1357","Pesticides (total)","2016","2016","1000 USD","662.261","X","Value from external organization"
"RT","Pesticides Trade","144","Sri Lanka","5922","Export value","1357","Pesticides (total)","2017","2017","1000 USD","428.8439","X","Value from external organization"
"RT","Pesticides Trade","144","Sri Lanka","5922","Export value","1357","Pesticides (total)","2018","2018","1000 USD","285.1114","I","Value imputed by a receiving agency"
"RT","Pesticides Trade","144","Sri Lanka","5922","Export value","1357","Pesticides (total)","2019","2019","1000 USD","141.3789","X","Value from external organization"
"RT","Pesticides Trade","144","Sri Lanka","5922","Export value","1357","Pesticides (total)","2020","2020","1000 USD","260.374","X","Value from external organization"
"RT","Pesticides Trade","144","Sri Lanka","5922","Export value","1357","Pesticides (total)","2021","2021","1000 USD","301.4935","X","Value from external organization"
"RT","Pesticides Trade","144","Sri Lanka","5922","Export value","1357","Pesticides (total)","2022","2022","1000 USD","1110.4092","X","Value from external organization"
"RT","Pesticides Trade","144","Sri Lanka","5922","Export value","1357","Pesticides (total)","2023","2023","1000 USD","182.2964","X","Value from external organization"
"RT","Pesticides Trade","144","Sri Lanka","5922","Export value","1357","Pesticides (total)","2024","2024","1000 USD","262.1087","X","Value from external organization"
