date,USD_LKR_Rate
,LKR=X
2015-06-22,130.44000244140625
2015-06-23,130.69000244140625
2015-06-24,130.9199981689453
2015-06-25,130.77999877929688
2015-06-26,130.67999267578125
2015-06-29,130.75
2015-06-30,130.77999877929688
2015-07-01,130.77999877929688
2015-07-02,130.72999572753906
2015-07-03,130.35000610351562
2015-07-06,130.63999938964844
2015-07-07,130.55999755859375
2015-07-08,130.6300048828125
2015-07-09,130.4199981689453
2015-07-10,130.3699951171875
2015-07-13,130.36000061035156
2015-07-14,130.47999572753906
2015-07-15,130.6199951171875
2015-07-16,130.55999755859375
2015-07-17,130.5399932861328
2015-07-20,131.30999755859375
2015-07-21,130.67999267578125
2015-07-22,130.6199951171875
2015-07-23,130.61000061035156
2015-07-24,130.55999755859375
2015-07-27,130.69000244140625
2015-07-28,130.44000244140625
2015-07-29,130.41000366210938
2015-07-30,130.58999633789062
2015-07-31,130.52999877929688
2015-08-03,130.66000366210938
2015-08-04,130.4199981689453
2015-08-05,130.27000427246094
2015-08-06,129.86000061035156
2015-08-07,130.6300048828125
2015-08-10,130.6300048828125
2015-08-11,130.57000732421875
2015-08-12,130.69000244140625
2015-08-13,130.66000366210938
2015-08-14,130.74000549316406
2015-08-17,131.5
2015-08-18,130.9199981689453
2015-08-19,130.8300018310547
2015-08-20,129.86000061035156
2015-08-21,130.9499969482422
2015-08-24,131.00999450683594
2015-08-25,131.02000427246094
2015-08-26,131.10000610351562
2015-08-27,131.1999969482422
2015-08-28,131.19000244140625
2015-08-31,131.24000549316406
2015-09-01,131.42999267578125
2015-09-02,131.5800018310547
2015-09-03,131.50999450683594
2015-09-04,132.85000610351562
2015-09-07,134.8699951171875
2015-09-08,134.52000427246094
2015-09-09,135.17999267578125
2015-09-10,135.7100067138672
2015-09-11,135.9499969482422
2015-09-14,136.08999633789062
2015-09-15,136.72999572753906
2015-09-16,136.5500030517578
2015-09-17,137.86000061035156
2015-09-18,137.38999938964844
2015-09-21,137.42999267578125
2015-09-22,137.75999450683594
2015-09-23,137.6699981689453
2015-09-24,137.75
2015-09-25,137.83999633789062
2015-09-28,137.9199981689453
2015-09-29,137.85000610351562
2015-09-30,138.11000061035156
2015-10-01,137.92999267578125
2015-10-02,137.99000549316406
2015-10-05,138.0399932861328
2015-10-06,138.1699981689453
2015-10-07,137.1999969482422
2015-10-08,137.35000610351562
2015-10-09,137.55999755859375
2015-10-12,137.22999572753906
2015-10-13,136.99000549316406
2015-10-14,137.4499969482422
2015-10-15,137.77999877929688
2015-10-16,137.77000427246094
2015-10-19,137.44000244140625
2015-10-20,137.8300018310547
2015-10-21,137.9499969482422
2015-10-22,138.02999877929688
2015-10-23,140.5500030517578
2015-10-26,137.80999755859375
2015-10-27,137.94000244140625
2015-10-28,138.0
2015-10-29,137.9600067138672
2015-10-30,137.88999938964844
2015-11-02,137.86000061035156
2015-11-03,137.8800048828125
2015-11-04,137.8699951171875
2015-11-05,138.22000122070312
2015-11-06,138.33999633789062
2015-11-09,138.39999389648438
2015-11-10,139.11000061035156
2015-11-11,138.72999572753906
2015-11-12,138.13999938964844
2015-11-13,137.49000549316406
2015-11-16,138.80999755859375
2015-11-17,138.9499969482422
2015-11-18,139.3000030517578
2015-11-19,138.97999572753906
2015-11-20,139.10000610351562
2015-11-23,139.7100067138672
2015-11-24,139.35000610351562
2015-11-25,139.67999267578125
2015-11-26,139.16000366210938
2015-11-27,139.85000610351562
2015-11-30,139.75
2015-12-01,140.00999450683594
2015-12-02,139.50999450683594
2015-12-03,139.8000030517578
2015-12-04,135.08999633789062
2015-12-07,140.11000061035156
2015-12-08,139.64999389648438
2015-12-09,139.55999755859375
2015-12-10,138.77000427246094
2015-12-11,139.64999389648438
2015-12-14,139.77000427246094
2015-12-15,140.1699981689453
2015-12-16,141.52999877929688
2015-12-17,140.7100067138672
2015-12-18,140.47000122070312
2015-12-21,140.0399932861328
2015-12-22,139.77000427246094
2015-12-23,140.39999389648438
2015-12-24,140.7899932861328
2015-12-25,140.27999877929688
2015-12-28,140.1199951171875
2015-12-29,140.6999969482422
2015-12-30,141.47000122070312
2015-12-31,140.9600067138672
2016-01-01,141.47000122070312
2016-01-04,141.44000244140625
2016-01-05,141.86000061035156
2016-01-06,141.16000366210938
2016-01-07,140.69000244140625
2016-01-08,139.97999572753906
2016-01-11,139.9600067138672
2016-01-12,141.19000244140625
2016-01-13,140.52999877929688
2016-01-14,139.88999938964844
2016-01-15,140.5500030517578
2016-01-18,140.4600067138672
2016-01-19,140.89999389648438
2016-01-20,140.2899932861328
2016-01-21,141.1300048828125
2016-01-22,141.32000732421875
2016-01-25,141.27999877929688
2016-01-26,140.47000122070312
2016-01-27,140.3800048828125
2016-01-28,140.3699951171875
2016-01-29,140.41000366210938
2016-02-01,141.97999572753906
2016-02-02,140.5399932861328
2016-02-03,140.7899932861328
2016-02-04,138.8800048828125
2016-02-05,140.82000732421875
2016-02-08,140.94000244140625
2016-02-09,140.89999389648438
2016-02-10,140.00999450683594
2016-02-11,141.0399932861328
2016-02-12,141.25
2016-02-15,141.27000427246094
2016-02-16,140.9499969482422
2016-02-17,141.07000732421875
2016-02-18,141.3000030517578
2016-02-19,140.9199981689453
2016-02-22,140.63999938964844
2016-02-23,140.9499969482422
2016-02-24,141.0800018310547
2016-02-25,140.1999969482422
2016-02-26,141.24000549316406
2016-02-29,142.67999267578125
2016-03-01,141.39999389648438
2016-03-02,141.44000244140625
2016-03-03,141.3800048828125
2016-03-04,140.44000244140625
2016-03-07,141.4199981689453
2016-03-08,141.7899932861328
2016-03-09,141.7899932861328
2016-03-10,141.7899932861328
2016-03-11,141.80999755859375
2016-03-14,141.36000061035156
2016-03-15,141.89999389648438
2016-03-16,141.77000427246094
2016-03-17,140.35000610351562
2016-03-18,142.14999389648438
2016-03-21,142.07000732421875
2016-03-22,142.35000610351562
2016-03-23,142.22999572753906
2016-03-24,143.30999755859375
2016-03-25,143.75
2016-03-28,143.72999572753906
2016-03-29,143.75
2016-03-30,145.0
2016-03-31,145.85000610351562
2016-04-01,143.63999938964844
2016-04-04,143.2100067138672
2016-04-05,142.0399932861328
2016-04-06,141.52999877929688
2016-04-07,140.72999572753906
2016-04-08,141.8000030517578
2016-04-11,141.6999969482422
2016-04-12,141.77000427246094
2016-04-13,142.0500030517578
2016-04-14,143.00999450683594
2016-04-15,142.97999572753906
2016-04-18,141.88999938964844
2016-04-19,142.11000061035156
2016-04-20,143.0800018310547
2016-04-21,143.25
2016-04-22,143.6300048828125
2016-04-25,143.02999877929688
2016-04-26,143.11000061035156
2016-04-27,143.3800048828125
2016-04-28,143.02000427246094
2016-04-29,143.0399932861328
2016-05-02,142.0800018310547
2016-05-03,143.17999267578125
2016-05-04,143.5800018310547
2016-05-05,142.8000030517578
2016-05-06,143.25999450683594
2016-05-09,142.7899932861328
2016-05-10,142.89999389648438
2016-05-11,142.80999755859375
2016-05-12,143.00999450683594
2016-05-13,142.7899932861328
2016-05-16,143.0
2016-05-17,143.5
2016-05-18,143.39999389648438
2016-05-19,142.25999450683594
2016-05-20,143.64999389648438
2016-05-23,143.6999969482422
2016-05-24,143.94000244140625
2016-05-25,143.63999938964844
2016-05-26,143.60000610351562
2016-05-27,143.82000732421875
2016-05-30,144.02999877929688
2016-05-31,144.7100067138672
2016-06-01,145.08999633789062
2016-06-02,145.14999389648438
2016-06-03,145.38999938964844
2016-06-06,144.25
2016-06-07,142.91000366210938
2016-06-08,142.77000427246094
2016-06-09,142.4600067138672
2016-06-10,142.61000061035156
2016-06-13,141.8300018310547
2016-06-14,141.63999938964844
2016-06-15,141.6699981689453
2016-06-16,141.38999938964844
2016-06-17,142.3300018310547
2016-06-20,141.00999450683594
2016-06-21,142.6999969482422
2016-06-22,143.85000610351562
2016-06-23,143.2100067138672
2016-06-24,144.02000427246094
2016-06-27,142.86000061035156
2016-06-28,144.64999389648438
2016-06-29,144.89999389648438
2016-06-30,143.08999633789062
2016-07-01,143.0399932861328
2016-07-04,142.64999389648438
2016-07-05,142.83999633789062
2016-07-06,144.52999877929688
2016-07-07,142.1300048828125
2016-07-08,142.8300018310547
2016-07-11,142.3699951171875
2016-07-12,142.44000244140625
2016-07-13,143.58999633789062
2016-07-14,142.64999389648438
2016-07-15,142.47999572753906
2016-07-18,144.0800018310547
2016-07-19,142.67999267578125
2016-07-20,142.7899932861328
2016-07-21,143.0
2016-07-22,142.91000366210938
2016-07-25,143.22999572753906
2016-07-26,142.89999389648438
2016-07-27,143.02999877929688
2016-07-28,141.80999755859375
2016-07-29,142.8300018310547
2016-08-01,141.85000610351562
2016-08-02,142.94000244140625
2016-08-03,142.6300048828125
2016-08-04,143.42999267578125
2016-08-05,142.5
2016-08-08,143.2100067138672
2016-08-09,142.4499969482422
2016-08-10,142.10000610351562
2016-08-11,142.4600067138672
2016-08-12,142.47000122070312
2016-08-15,142.27999877929688
2016-08-16,142.08999633789062
2016-08-17,142.2100067138672
2016-08-18,141.82000732421875
2016-08-19,142.13999938964844
2016-08-22,142.41000366210938
2016-08-23,142.10000610351562
2016-08-24,142.82000732421875
2016-08-25,142.52999877929688
2016-08-26,142.61000061035156
2016-08-29,143.80999755859375
2016-08-30,142.4499969482422
2016-08-31,142.61000061035156
2016-09-01,142.25
2016-09-02,141.72999572753906
2016-09-05,142.80999755859375
2016-09-06,142.5
2016-09-07,141.2100067138672
2016-09-08,142.35000610351562
2016-09-09,142.6999969482422
2016-09-12,142.4600067138672
2016-09-13,141.92999267578125
2016-09-14,142.3699951171875
2016-09-15,142.14999389648438
2016-09-16,142.57000732421875
2016-09-19,143.05999755859375
2016-09-20,142.47999572753906
2016-09-21,143.1300048828125
2016-09-22,142.52999877929688
2016-09-23,143.52999877929688
2016-09-26,143.14999389648438
2016-09-27,143.22999572753906
2016-09-28,143.6999969482422
2016-09-29,143.52000427246094
2016-09-30,143.42999267578125
2016-10-03,142.69000244140625
2016-10-04,143.85000610351562
2016-10-05,143.11000061035156
2016-10-06,143.74000549316406
2016-10-07,144.0800018310547
2016-10-10,143.0399932861328
2016-10-11,144.1699981689453
2016-10-12,144.11000061035156
2016-10-13,143.9199981689453
2016-10-14,143.42999267578125
2016-10-17,144.25
2016-10-18,143.63999938964844
2016-10-19,144.3300018310547
2016-10-20,144.02999877929688
2016-10-21,143.8800048828125
2016-10-24,144.2100067138672
2016-10-25,143.94000244140625
2016-10-26,144.4199981689453
2016-10-27,143.80999755859375
2016-10-28,145.35000610351562
2016-10-31,143.89999389648438
2016-11-01,144.42999267578125
2016-11-02,144.3300018310547
2016-11-03,144.91000366210938
2016-11-04,144.75
2016-11-07,144.52999877929688
2016-11-08,144.97999572753906
2016-11-09,144.99000549316406
2016-11-10,146.97000122070312
2016-11-11,144.60000610351562
2016-11-14,144.7100067138672
2016-11-15,145.05999755859375
2016-11-16,145.4600067138672
2016-11-17,144.86000061035156
2016-11-18,146.5
2016-11-21,145.74000549316406
2016-11-22,144.97999572753906
2016-11-23,145.25999450683594
2016-11-24,145.97000122070312
2016-11-25,145.08999633789062
2016-11-28,145.17999267578125
2016-11-29,145.2899932861328
2016-11-30,144.88999938964844
2016-12-01,145.4199981689453
2016-12-02,144.5
2016-12-05,145.1300048828125
2016-12-06,144.30999755859375
2016-12-07,145.8699951171875
2016-12-08,145.00999450683594
2016-12-09,147.85000610351562
2016-12-12,145.67999267578125
2016-12-13,145.24000549316406
2016-12-14,145.33999633789062
2016-12-15,146.97000122070312
2016-12-16,145.5500030517578
2016-12-19,145.72999572753906
2016-12-20,146.1999969482422
2016-12-21,145.80999755859375
2016-12-22,145.3800048828125
2016-12-23,146.38999938964844
2016-12-26,146.41000366210938
2016-12-27,146.3300018310547
2016-12-28,146.0800018310547
2016-12-29,146.3300018310547
2016-12-30,145.9199981689453
2017-01-02,146.97999572753906
2017-01-03,146.5500030517578
2017-01-04,146.3699951171875
2017-01-05,145.86000061035156
2017-01-06,144.8000030517578
2017-01-09,147.2899932861328
2017-01-10,145.69000244140625
2017-01-11,146.57000732421875
2017-01-12,145.67999267578125
2017-01-13,147.25999450683594
2017-01-16,146.69000244140625
2017-01-17,146.5399932861328
2017-01-18,146.63999938964844
2017-01-19,147.6300048828125
2017-01-20,146.86000061035156
2017-01-23,145.99000549316406
2017-01-24,146.41000366210938
2017-01-25,146.99000549316406
2017-01-26,147.22999572753906
2017-01-27,147.8800048828125
2017-01-30,146.9499969482422
2017-01-31,146.5
2017-02-01,146.66000366210938
2017-02-02,147.86000061035156
2017-02-03,150.39999389648438
2017-02-06,146.42999267578125
2017-02-07,147.22000122070312
2017-02-08,147.0500030517578
2017-02-09,146.8000030517578
2017-02-10,147.67999267578125
2017-02-13,147.39999389648438
2017-02-14,147.9600067138672
2017-02-15,147.9600067138672
2017-02-16,146.69000244140625
2017-02-17,146.8800048828125
2017-02-20,148.02999877929688
2017-02-21,148.0
2017-02-22,148.61000061035156
2017-02-23,148.3800048828125
2017-02-24,152.02999877929688
2017-02-27,149.8000030517578
2017-02-28,151.88999938964844
2017-03-01,151.52999877929688
2017-03-02,147.97999572753906
2017-03-03,148.11000061035156
2017-03-06,146.75
2017-03-07,151.1699981689453
2017-03-08,148.30999755859375
2017-03-09,148.24000549316406
2017-03-10,147.97000122070312
2017-03-13,147.25999450683594
2017-03-14,148.35000610351562
2017-03-15,148.91000366210938
2017-03-16,147.27999877929688
2017-03-17,148.33999633789062
2017-03-20,149.02000427246094
2017-03-21,148.88999938964844
2017-03-22,148.55999755859375
2017-03-23,148.55999755859375
2017-03-24,148.72999572753906
2017-03-27,148.61000061035156
2017-03-28,148.69000244140625
2017-03-29,149.27999877929688
2017-03-30,148.8800048828125
2017-03-31,149.64999389648438
2017-04-03,149.0399932861328
2017-04-04,148.3800048828125
2017-04-05,148.14999389648438
2017-04-06,148.30999755859375
2017-04-07,148.86000061035156
2017-04-10,149.2100067138672
2017-04-11,151.67999267578125
2017-04-12,152.22999572753906
2017-04-13,152.1300048828125
2017-04-14,152.0800018310547
2017-04-17,149.25
2017-04-18,148.77999877929688
2017-04-19,147.9600067138672
2017-04-20,149.1999969482422
2017-04-21,149.5800018310547
2017-04-24,148.52999877929688
2017-04-25,148.89999389648438
2017-04-26,148.47999572753906
2017-04-27,148.80999755859375
2017-04-28,149.3300018310547
2017-05-01,149.6300048828125
2017-05-02,149.5500030517578
2017-05-03,148.94000244140625
2017-05-04,149.5399932861328
2017-05-05,148.64999389648438
2017-05-08,148.6300048828125
2017-05-09,149.72999572753906
2017-05-10,149.77000427246094
2017-05-11,149.3800048828125
2017-05-12,149.5
2017-05-15,148.6699981689453
2017-05-16,149.25999450683594
2017-05-17,148.82000732421875
2017-05-18,148.7100067138672
2017-05-19,149.97000122070312
2017-05-22,148.8800048828125
2017-05-23,149.33999633789062
2017-05-24,150.4600067138672
2017-05-25,149.25999450683594
2017-05-26,149.63999938964844
2017-05-29,150.1199951171875
2017-05-30,149.85000610351562
2017-05-31,149.39999389648438
2017-06-01,149.25999450683594
2017-06-02,149.97000122070312
2017-06-05,148.72999572753906
2017-06-06,149.55999755859375
2017-06-07,149.22000122070312
2017-06-08,149.11000061035156
2017-06-09,149.47999572753906
2017-06-12,149.3699951171875
2017-06-13,149.8000030517578
2017-06-14,149.5500030517578
2017-06-15,149.8800048828125
2017-06-16,149.6199951171875
2017-06-19,149.9499969482422
2017-06-20,150.6999969482422
2017-06-21,150.3699951171875
2017-06-22,149.8800048828125
2017-06-23,150.35000610351562
2017-06-26,149.63999938964844
2017-06-27,149.9600067138672
2017-06-28,149.10000610351562
2017-06-29,149.9600067138672
2017-06-30,149.94000244140625
2017-07-03,150.13999938964844
2017-07-04,150.5500030517578
2017-07-05,150.52000427246094
2017-07-06,150.27999877929688
2017-07-07,153.5
2017-07-10,150.72000122070312
2017-07-12,149.6699981689453
2017-07-13,151.1199951171875
2017-07-14,150.41000366210938
2017-07-17,149.6999969482422
2017-07-18,150.4499969482422
2017-07-19,150.72999572753906
2017-07-20,150.7899932861328
2017-07-21,148.9499969482422
2017-07-24,150.41000366210938
2017-07-25,150.63999938964844
2017-07-26,150.60000610351562
2017-07-27,149.2899932861328
2017-07-28,151.00999450683594
2017-07-31,150.1999969482422
2017-08-01,149.19000244140625
2017-08-02,150.6199951171875
2017-08-03,150.30999755859375
2017-08-04,149.97999572753906
2017-08-07,151.7899932861328
2017-08-08,150.49000549316406
2017-08-09,151.16000366210938
2017-08-10,149.97999572753906
2017-08-11,149.66000366210938
2017-08-14,149.2899932861328
2017-08-15,150.4499969482422
2017-08-16,150.41000366210938
2017-08-17,149.32000732421875
2017-08-18,149.97000122070312
2017-08-21,150.22000122070312
2017-08-22,149.47999572753906
2017-08-23,149.9600067138672
2017-08-24,149.50999450683594
2017-08-25,149.94000244140625
2017-08-28,148.7100067138672
2017-08-29,149.47000122070312
2017-08-30,150.74000549316406
2017-08-31,150.6699981689453
2017-09-01,149.13999938964844
2017-09-04,150.50999450683594
2017-09-05,149.66000366210938
2017-09-06,149.22999572753906
2017-09-07,149.8000030517578
2017-09-08,149.14999389648438
2017-09-11,150.3300018310547
2017-09-12,150.5500030517578
2017-09-13,149.60000610351562
2017-09-14,151.30999755859375
2017-09-15,149.77000427246094
2017-09-18,150.02000427246094
2017-09-19,150.27999877929688
2017-09-20,150.25
2017-09-21,151.3800048828125
2017-09-22,149.41000366210938
2017-09-25,150.0
2017-09-26,150.32000732421875
2017-09-27,150.0399932861328
2017-09-28,150.0800018310547
2017-09-29,150.0800018310547
2017-10-02,151.02000427246094
2017-10-03,150.33999633789062
2017-10-04,150.5
2017-10-05,150.5399932861328
2017-10-06,150.75
2017-10-09,149.97999572753906
2017-10-10,150.41000366210938
2017-10-11,150.10000610351562
2017-10-12,150.0500030517578
2017-10-13,150.99000549316406
2017-10-16,150.86000061035156
2017-10-17,150.6999969482422
2017-10-18,150.6199951171875
2017-10-19,150.1199951171875
2017-10-20,150.41000366210938
2017-10-23,150.99000549316406
2017-10-24,150.66000366210938
2017-10-25,150.77000427246094
2017-10-26,150.39999389648438
2017-10-27,152.7100067138672
2017-10-30,150.77000427246094
2017-10-31,150.4199981689453
2017-11-01,150.49000549316406
2017-11-02,150.97000122070312
2017-11-03,150.47000122070312
2017-11-06,151.1199951171875
2017-11-07,150.32000732421875
2017-11-08,150.16000366210938
2017-11-09,150.3800048828125
2017-11-10,150.5800018310547
2017-11-13,150.27000427246094
2017-11-14,150.4600067138672
2017-11-15,149.63999938964844
2017-11-17,150.58999633789062
2017-11-20,150.72000122070312
2017-11-21,151.30999755859375
2017-11-22,150.6300048828125
2017-11-23,149.8300018310547
2017-11-24,150.74000549316406
2017-11-27,149.85000610351562
2017-11-28,151.13999938964844
2017-11-29,151.36000061035156
2017-11-30,150.72000122070312
2017-12-01,149.92999267578125
2017-12-04,150.6999969482422
2017-12-05,150.49000549316406
2017-12-06,150.89999389648438
2017-12-07,150.4199981689453
2017-12-08,150.52000427246094
2017-12-11,149.75999450683594
2017-12-12,150.3800048828125
2017-12-13,150.61000061035156
2017-12-14,149.1199951171875
2017-12-15,150.89999389648438
2017-12-18,150.82000732421875
2017-12-19,150.25999450683594
2017-12-20,149.77999877929688
2017-12-21,149.6999969482422
2017-12-22,149.9600067138672
2017-12-25,149.83999633789062
2017-12-26,149.7100067138672
2017-12-27,149.89999389648438
2017-12-28,149.42999267578125
2017-12-29,150.5399932861328
2018-01-01,150.36000061035156
2018-01-02,150.22999572753906
2018-01-03,150.5399932861328
2018-01-04,150.8000030517578
2018-01-05,150.60000610351562
2018-01-08,150.8300018310547
2018-01-09,151.00999450683594
2018-01-10,150.75
2018-01-11,151.58999633789062
2018-01-12,149.66000366210938
2018-01-15,150.0399932861328
2018-01-16,150.9199981689453
2018-01-17,150.41000366210938
2018-01-18,151.3000030517578
2018-01-19,150.8699951171875
2018-01-22,151.66000366210938
2018-01-23,153.9499969482422
2018-01-24,154.07000732421875
2018-01-25,153.6699981689453
2018-01-26,153.66000366210938
2018-01-29,153.6199951171875
2018-01-30,153.64999389648438
2018-01-31,153.89999389648438
2018-02-01,153.7100067138672
2018-02-02,154.02999877929688
2018-02-05,154.14999389648438
2018-02-06,154.22000122070312
2018-02-07,154.60000610351562
2018-02-08,154.5800018310547
2018-02-09,154.27000427246094
2018-02-12,154.25999450683594
2018-02-13,154.8699951171875
2018-02-14,154.8699951171875
2018-02-15,155.5
2018-02-16,154.8300018310547
2018-02-19,155.1300048828125
2018-02-20,155.39999389648438
2018-02-21,155.39999389648438
2018-02-22,155.14999389648438
2018-02-23,155.1199951171875
2018-02-26,152.47999572753906
2018-02-27,154.82000732421875
2018-02-28,154.82000732421875
2018-03-01,154.94000244140625
2018-03-02,154.9499969482422
2018-03-05,155.0399932861328
2018-03-06,154.8699951171875
2018-03-07,155.0
2018-03-08,155.27999877929688
2018-03-09,155.35000610351562
2018-03-12,155.39999389648438
2018-03-13,155.55999755859375
2018-03-14,155.64999389648438
2018-03-15,155.77000427246094
2018-03-16,155.9499969482422
2018-03-19,155.9499969482422
2018-03-20,156.02000427246094
2018-03-21,156.00999450683594
2018-03-22,155.97000122070312
2018-03-23,156.0399932861328
2018-03-26,153.14999389648438
2018-03-27,155.97999572753906
2018-03-28,155.97999572753906
2018-03-29,155.60000610351562
2018-03-30,155.61000061035156
2018-04-02,152.66000366210938
2018-04-03,155.13999938964844
2018-04-04,155.72000122070312
2018-04-05,155.86000061035156
2018-04-06,155.47000122070312
2018-04-09,155.36000061035156
2018-04-10,152.08999633789062
2018-04-11,155.4600067138672
2018-04-12,155.61000061035156
2018-04-13,155.60000610351562
2018-04-16,155.6999969482422
2018-04-17,155.88999938964844
2018-04-18,156.3000030517578
2018-04-19,156.30999755859375
2018-04-20,156.0800018310547
2018-04-23,153.3300018310547
2018-04-24,156.6699981689453
2018-04-25,156.8800048828125
2018-04-26,157.6199951171875
2018-04-27,157.52999877929688
2018-04-30,157.6199951171875
2018-05-01,157.72000122070312
2018-05-02,157.66000366210938
2018-05-03,157.50999450683594
2018-05-04,157.64999389648438
2018-05-07,154.75
2018-05-08,157.4199981689453
2018-05-09,157.5
2018-05-10,157.91000366210938
2018-05-11,157.72000122070312
2018-05-14,154.7100067138672
2018-05-15,157.92999267578125
2018-05-16,158.02000427246094
2018-05-17,158.07000732421875
2018-05-18,157.72000122070312
2018-05-21,154.80999755859375
2018-05-22,157.72000122070312
2018-05-23,157.82000732421875
2018-05-24,157.77000427246094
2018-05-25,157.91000366210938
2018-05-28,157.9499969482422
2018-05-29,157.86000061035156
2018-05-30,157.91000366210938
2018-05-31,158.0
2018-06-01,158.1699981689453
2018-06-04,155.9499969482422
2018-06-05,155.75
2018-06-06,158.3699951171875
2018-06-07,158.61000061035156
2018-06-08,158.82000732421875
2018-06-11,155.4199981689453
2018-06-12,159.10000610351562
2018-06-13,159.4199981689453
2018-06-14,159.6199951171875
2018-06-15,159.57000732421875
2018-06-18,159.63999938964844
2018-06-19,159.8000030517578
2018-06-20,159.91000366210938
2018-06-21,159.82000732421875
2018-06-22,159.39999389648438
2018-06-25,158.89999389648438
2018-06-26,158.67999267578125
2018-06-27,158.27000427246094
2018-06-28,158.3000030517578
2018-06-29,158.1999969482422
2018-07-02,158.22000122070312
2018-07-03,158.3000030517578
2018-07-04,158.32000732421875
2018-07-05,158.6199951171875
2018-07-06,158.86000061035156
2018-07-09,155.47999572753906
2018-07-10,159.1999969482422
2018-07-11,159.19000244140625
2018-07-12,156.6199951171875
2018-07-13,159.3000030517578
2018-07-16,159.47000122070312
2018-07-17,159.72000122070312
2018-07-18,159.8000030517578
2018-07-19,159.82000732421875
2018-07-20,159.8699951171875
2018-07-23,155.8800048828125
2018-07-24,159.41000366210938
2018-07-25,159.35000610351562
2018-07-26,159.47000122070312
2018-07-27,159.5
2018-07-30,159.52000427246094
2018-07-31,159.57000732421875
2018-08-01,159.57000732421875
2018-08-02,159.4199981689453
2018-08-03,159.60000610351562
2018-08-06,159.72000122070312
2018-08-07,159.66000366210938
2018-08-08,159.6699981689453
2018-08-09,159.75999450683594
2018-08-10,159.8699951171875
2018-08-13,159.8699951171875
2018-08-14,159.9199981689453
2018-08-15,160.0500030517578
2018-08-16,160.07000732421875
2018-08-17,160.39999389648438
2018-08-20,160.3699951171875
2018-08-21,160.4199981689453
2018-08-22,160.52000427246094
2018-08-23,160.4600067138672
2018-08-24,160.77000427246094
2018-08-27,157.33999633789062
2018-08-28,161.0
2018-08-29,161.1699981689453
2018-08-30,161.3000030517578
2018-08-31,161.3699951171875
2018-09-03,161.39999389648438
2018-09-04,161.50999450683594
2018-09-05,161.8000030517578
2018-09-06,162.1199951171875
2018-09-07,161.52000427246094
2018-09-10,161.9499969482422
2018-09-11,162.3000030517578
2018-09-12,162.1699981689453
2018-09-13,162.41000366210938
2018-09-14,162.75999450683594
2018-09-17,163.6999969482422
2018-09-18,164.82000732421875
2018-09-19,165.75
2018-09-20,167.0399932861328
2018-09-21,168.69000244140625
2018-09-24,165.27000427246094
2018-09-25,165.89999389648438
2018-09-26,168.6699981689453
2018-09-27,168.8699951171875
2018-09-28,169.1699981689453
2018-10-01,169.07000732421875
2018-10-02,169.0500030517578
2018-10-03,169.22999572753906
2018-10-04,169.75999450683594
2018-10-05,169.9600067138672
2018-10-08,166.6199951171875
2018-10-09,170.5500030517578
2018-10-10,170.9499969482422
2018-10-11,171.1699981689453
2018-10-12,171.1999969482422
2018-10-15,169.64999389648438
2018-10-16,170.27000427246094
2018-10-17,170.77000427246094
2018-10-18,170.9499969482422
2018-10-19,171.1999969482422
2018-10-22,171.67999267578125
2018-10-23,172.5
2018-10-24,172.57000732421875
2018-10-25,172.66000366210938
2018-10-26,172.6699981689453
2018-10-29,169.13999938964844
2018-10-30,172.13999938964844
2018-10-31,172.1300048828125
2018-11-01,172.1300048828125
2018-11-02,172.13999938964844
2018-11-05,172.1300048828125
2018-11-06,172.1300048828125
2018-11-07,172.1300048828125
2018-11-08,172.1300048828125
2018-11-09,172.1300048828125
2018-11-12,172.1199951171875
2018-11-13,175.58999633789062
2018-11-14,176.02000427246094
2018-11-15,176.1199951171875
2018-11-16,176.47000122070312
2018-11-19,172.27999877929688
2018-11-20,177.16000366210938
2018-11-21,177.19000244140625
2018-11-22,178.6300048828125
2018-11-23,178.72000122070312
2018-11-26,176.60000610351562
2018-11-27,180.14999389648438
2018-11-28,180.27000427246094
2018-11-29,179.57000732421875
2018-11-30,179.64999389648438
2018-12-03,176.55999755859375
2018-12-04,178.75
2018-12-05,178.9499969482422
2018-12-06,179.25
2018-12-07,179.14999389648438
2018-12-10,178.47000122070312
2018-12-11,178.8699951171875
2018-12-12,179.1999969482422
2018-12-13,179.35000610351562
2018-12-14,179.64999389648438
2018-12-17,179.7100067138672
2018-12-18,179.80999755859375
2018-12-19,179.97000122070312
2018-12-20,180.27000427246094
2018-12-21,180.89999389648438
2018-12-24,181.1199951171875
2018-12-25,181.4499969482422
2018-12-26,181.47000122070312
2018-12-27,181.57000732421875
2018-12-28,182.25
2018-12-31,182.91000366210938
2019-01-01,182.8000030517578
2019-01-02,182.75
2019-01-03,182.85000610351562
2019-01-04,182.82000732421875
2019-01-07,182.66000366210938
2019-01-08,182.1699981689453
2019-01-09,182.5
2019-01-10,182.3699951171875
2019-01-11,181.9499969482422
2019-01-14,181.85000610351562
2019-01-15,182.16000366210938
2019-01-16,182.24000549316406
2019-01-17,182.27000427246094
2019-01-18,181.50999450683594
2019-01-21,181.55999755859375
2019-01-22,181.7100067138672
2019-01-23,182.07000732421875
2019-01-24,182.10000610351562
2019-01-25,181.64999389648438
2019-01-28,177.72000122070312
2019-01-29,181.47999572753906
2019-01-30,180.77000427246094
2019-01-31,179.3000030517578
2019-02-01,175.99000549316406
2019-02-04,176.57000732421875
2019-02-05,176.55999755859375
2019-02-06,175.42999267578125
2019-02-07,177.52000427246094
2019-02-08,177.64999389648438
2019-02-11,174.72999572753906
2019-02-12,177.6699981689453
2019-02-13,178.2100067138672
2019-02-14,178.41000366210938
2019-02-15,178.4499969482422
2019-02-18,178.57000732421875
2019-02-19,179.52000427246094
2019-02-20,179.50999450683594
2019-02-21,179.61000061035156
2019-02-22,179.4199981689453
2019-02-25,176.33999633789062
2019-02-26,179.64999389648438
2019-02-27,179.77000427246094
2019-02-28,179.77000427246094
2019-03-01,179.9499969482422
2019-03-04,179.66000366210938
2019-03-05,179.69000244140625
2019-03-06,178.9499969482422
2019-03-07,178.39999389648438
2019-03-08,178.5500030517578
2019-03-11,175.0500030517578
2019-03-12,178.52999877929688
2019-03-13,178.66000366210938
2019-03-14,178.75
2019-03-15,178.75
2019-03-18,178.4600067138672
2019-03-19,175.57000732421875
2019-03-20,178.39999389648438
2019-03-21,178.3300018310547
2019-03-22,178.0
2019-03-25,174.6199951171875
2019-03-26,178.0399932861328
2019-03-27,177.27000427246094
2019-03-28,176.07000732421875
2019-03-29,176.10000610351562
2019-04-01,175.3800048828125
2019-04-02,174.3000030517578
2019-04-03,174.4600067138672
2019-04-04,174.6199951171875
2019-04-05,174.5500030517578
2019-04-08,174.6999969482422
2019-04-09,174.5800018310547
2019-04-10,174.6699981689453
2019-04-11,174.5500030517578
2019-04-12,171.92999267578125
2019-04-15,171.41000366210938
2019-04-16,174.49000549316406
2019-04-17,174.58999633789062
2019-04-18,174.5
2019-04-19,174.02000427246094
2019-04-22,174.41000366210938
2019-04-23,174.5500030517578
2019-04-24,174.60000610351562
2019-04-25,174.80999755859375
2019-04-26,175.1699981689453
2019-04-29,171.89999389648438
2019-04-30,175.6999969482422
2019-05-01,176.10000610351562
2019-05-02,175.89999389648438
2019-05-03,176.50999450683594
2019-05-06,177.27999877929688
2019-05-07,177.35000610351562
2019-05-08,176.91000366210938
2019-05-09,174.6199951171875
2019-05-10,175.3699951171875
2019-05-13,176.25
2019-05-14,176.5500030517578
2019-05-15,176.6699981689453
2019-05-16,176.1699981689453
2019-05-17,175.9499969482422
2019-05-20,175.72000122070312
2019-05-21,175.69000244140625
2019-05-23,173.7899932861328
2019-05-24,176.42999267578125
2019-05-27,172.9499969482422
2019-05-28,176.16000366210938
2019-05-29,173.5500030517578
2019-05-30,176.2100067138672
2019-05-31,176.3000030517578
2019-06-03,172.4499969482422
2019-06-04,176.44000244140625
2019-06-05,176.35000610351562
2019-06-06,176.36000061035156
2019-06-07,176.33999633789062
2019-06-10,176.35000610351562
2019-06-11,176.36000061035156
2019-06-12,176.36000061035156
2019-06-13,176.4199981689453
2019-06-14,176.52000427246094
2019-06-17,174.10000610351562
2019-06-18,176.6999969482422
2019-06-19,176.72999572753906
2019-06-20,176.60000610351562
2019-06-21,176.6300048828125
2019-06-24,176.60000610351562
2019-06-25,176.42999267578125
2019-06-26,176.41000366210938
2019-06-27,176.47999572753906
2019-06-28,176.5
2019-07-01,176.39999389648438
2019-07-02,174.02999877929688
2019-07-03,173.3800048828125
2019-07-04,175.97000122070312
2019-07-05,176.02999877929688
2019-07-08,176.0500030517578
2019-07-09,176.0500030517578
2019-07-10,176.0500030517578
2019-07-11,176.0500030517578
2019-07-12,176.0500030517578
2019-07-15,176.0500030517578
2019-07-16,175.63999938964844
2019-07-17,175.66000366210938
2019-07-18,175.58999633789062
2019-07-19,175.64999389648438
2019-07-22,172.75999450683594
2019-07-23,175.77999877929688
2019-07-24,175.9600067138672
2019-07-25,176.1199951171875
2019-07-26,176.08999633789062
2019-07-29,176.10000610351562
2019-07-30,176.11000061035156
2019-07-31,176.16000366210938
2019-08-01,176.22000122070312
2019-08-02,176.4199981689453
2019-08-05,176.57000732421875
2019-08-06,176.85000610351562
2019-08-07,177.44000244140625
2019-08-08,177.30999755859375
2019-08-09,176.7899932861328
2019-08-12,176.8000030517578
2019-08-13,176.80999755859375
2019-08-14,176.82000732421875
2019-08-15,177.47999572753906
2019-08-16,177.0800018310547
2019-08-19,177.0800018310547
2019-08-20,177.35000610351562
2019-08-21,177.8699951171875
2019-08-22,178.77999877929688
2019-08-23,179.41000366210938
2019-08-26,173.9600067138672
2019-08-27,179.50999450683594
2019-08-28,179.6699981689453
2019-08-29,180.25
2019-08-30,180.35000610351562
2019-09-02,179.35000610351562
2019-09-03,179.8000030517578
2019-09-04,180.3000030517578
2019-09-05,180.5
2019-09-06,180.6699981689453
2019-09-09,176.10000610351562
2019-09-10,176.99000549316406
2019-09-11,180.32000732421875
2019-09-12,180.27000427246094
2019-09-13,180.27000427246094
2019-09-16,180.22000122070312
2019-09-17,180.39999389648438
2019-09-18,180.55999755859375
2019-09-19,180.6699981689453
2019-09-20,180.8699951171875
2019-09-23,181.10000610351562
2019-09-24,181.41000366210938
2019-09-25,181.07000732421875
2019-09-26,181.5500030517578
2019-09-27,181.67999267578125
2019-09-30,178.63999938964844
2019-10-01,179.2100067138672
2019-10-02,178.4499969482422
2019-10-03,178.1999969482422
2019-10-04,178.2100067138672
2019-10-07,178.4600067138672
2019-10-08,177.5399932861328
2019-10-09,177.14999389648438
2019-10-10,177.3699951171875
2019-10-11,177.4199981689453
2019-10-14,177.43153381347656
2019-10-15,177.97715759277344
2019-10-16,178.8804473876953
2019-10-17,178.61724853515625
2019-10-18,178.71463012695312
2019-10-21,178.8719940185547
2019-10-22,178.650146484375
2019-10-23,178.37408447265625
2019-10-24,178.3192138671875
2019-10-25,178.0894775390625
2019-10-28,178.23692321777344
2019-10-29,178.2727508544922
2019-10-30,178.34982299804688
2019-10-31,178.42330932617188
2019-11-01,178.01084899902344
2019-11-04,178.03065490722656
2019-11-05,177.38978576660156
2019-11-06,177.1675567626953
2019-11-07,177.49171447753906
2019-11-08,177.73277282714844
2019-11-11,177.33404541015625
2019-11-12,177.22720336914062
2019-11-13,177.4385528564453
2019-11-14,177.18280029296875
2019-11-15,177.19847106933594
2019-11-18,176.7182159423828
2019-11-19,176.3953094482422
2019-11-20,176.19088745117188
2019-11-21,176.1208953857422
2019-11-22,176.544677734375
2019-11-25,176.94102478027344
2019-11-26,177.77020263671875
2019-11-27,178.51907348632812
2019-11-28,177.8070068359375
2019-11-29,177.5785675048828
2019-12-02,177.39048767089844
2019-12-03,178.1650848388672
2019-12-04,178.41310119628906
2019-12-05,177.97210693359375
2019-12-06,178.23147583007812
2019-12-09,178.04815673828125
2019-12-10,178.0312042236328
2019-12-11,178.01312255859375
2019-12-12,178.01165771484375
2019-12-13,177.74801635742188
2019-12-16,177.9227752685547
2019-12-17,178.06590270996094
2019-12-18,178.1835174560547
2019-12-19,178.03692626953125
2019-12-20,178.24935913085938
2019-12-23,177.91561889648438
2019-12-24,178.17605590820312
2019-12-25,178.23854064941406
2019-12-26,178.05764770507812
2019-12-27,177.98779296875
2019-12-30,178.3023223876953
2019-12-31,178.58706665039062
2020-01-01,178.21884155273438
2020-01-02,179.17291259765625
2020-01-03,178.2769317626953
2020-01-06,178.25697326660156
2020-01-07,178.27011108398438
2020-01-08,178.17599487304688
2020-01-09,178.4209442138672
2020-01-10,178.13800048828125
2020-01-13,177.76466369628906
2020-01-14,178.40267944335938
2020-01-15,178.35513305664062
2020-01-16,178.25851440429688
2020-01-17,178.06884765625
2020-01-20,178.0940399169922
2020-01-21,178.17025756835938
2020-01-22,178.2677764892578
2020-01-23,178.3174591064453
2020-01-24,178.363525390625
2020-01-27,178.43902587890625
2020-01-28,178.39955139160156
2020-01-29,178.33018493652344
2020-01-30,178.2926788330078
2020-01-31,178.3378143310547
2020-02-03,178.25953674316406
2020-02-04,178.2877655029297
2020-02-05,178.3717041015625
2020-02-06,178.20339965820312
2020-02-07,178.2708740234375
2020-02-10,178.24766540527344
2020-02-11,178.26739501953125
2020-02-12,178.27474975585938
2020-02-13,178.24249267578125
2020-02-14,178.27940368652344
2020-02-17,178.227783203125
2020-02-18,178.3463134765625
2020-02-19,178.40780639648438
2020-02-20,178.72525024414062
2020-02-21,178.43206787109375
2020-02-24,178.48025512695312
2020-02-25,178.5147247314453
2020-02-26,178.5370635986328
2020-02-27,178.35940551757812
2020-02-28,178.62237548828125
2020-03-02,178.68348693847656
2020-03-03,178.88790893554688
2020-03-04,178.84132385253906
2020-03-05,178.9429473876953
2020-03-06,178.66885375976562
2020-03-09,178.94313049316406
2020-03-10,178.99627685546875
2020-03-11,179.52273559570312
2020-03-12,180.59695434570312
2020-03-13,179.76194763183594
2020-03-16,181.26248168945312
2020-03-17,181.23350524902344
2020-03-18,181.53094482421875
2020-03-19,182.4774932861328
2020-03-20,183.1313934326172
2020-03-23,183.42001342773438
2020-03-24,182.4317626953125
2020-03-25,184.39959716796875
2020-03-26,183.71556091308594
2020-03-27,184.18173217773438
2020-03-30,183.0928497314453
2020-03-31,185.07760620117188
2020-04-01,186.39210510253906
2020-04-02,186.36729431152344
2020-04-03,187.11639404296875
2020-04-06,187.28038024902344
2020-04-07,190.00323486328125
2020-04-08,190.0771484375
2020-04-09,190.3436737060547
2020-04-10,187.73475646972656
2020-04-13,186.6837921142578
2020-04-14,186.16058349609375
2020-04-15,187.71685791015625
2020-04-16,188.3281707763672
2020-04-17,188.83233642578125
2020-04-20,188.09397888183594
2020-04-21,189.31399536132812
2020-04-22,189.3345489501953
2020-04-23,190.29171752929688
2020-04-24,189.69212341308594
2020-04-27,189.7856903076172
2020-04-28,189.34109497070312
2020-04-29,188.82199096679688
2020-04-30,188.85447692871094
2020-05-01,187.29977416992188
2020-05-04,186.0618438720703
2020-05-05,186.23098754882812
2020-05-06,185.7183380126953
2020-05-07,183.74159240722656
2020-05-08,183.2789764404297
2020-05-11,183.28997802734375
2020-05-12,185.03970336914062
2020-05-13,184.98721313476562
2020-05-14,185.07391357421875
2020-05-15,184.6375732421875
2020-05-18,184.6128387451172
2020-05-19,184.46534729003906
2020-05-20,184.3953857421875
2020-05-21,183.90269470214844
2020-05-22,183.35556030273438
2020-05-25,182.41302490234375
2020-05-26,182.5242462158203
2020-05-27,182.89051818847656
2020-05-28,183.04806518554688
2020-05-29,183.22093200683594
2020-06-01,183.02410888671875
2020-06-02,182.85858154296875
2020-06-03,182.79229736328125
2020-06-04,182.6465301513672
2020-06-05,182.35317993164062
2020-06-08,182.34837341308594
2020-06-09,181.96487426757812
2020-06-10,182.02273559570312
2020-06-11,182.03146362304688
2020-06-12,182.15997314453125
2020-06-15,182.26962280273438
2020-06-16,182.90452575683594
2020-06-17,183.06411743164062
2020-06-18,183.06411743164062
2020-06-19,183.06411743164062
2020-06-22,183.36158752441406
2020-06-23,183.5878448486328
2020-06-24,183.6229248046875
2020-06-25,183.55491638183594
2020-06-26,183.21987915039062
2020-06-29,183.00503540039062
2020-06-30,183.23289489746094
2020-07-01,183.1122589111328
2020-07-02,183.17050170898438
2020-07-03,182.9656982421875
2020-07-06,182.7320556640625
2020-07-07,182.6982879638672
2020-07-08,182.71409606933594
2020-07-09,182.7283172607422
2020-07-10,182.79580688476562
2020-07-13,182.733154296875
2020-07-14,182.79873657226562
2020-07-15,182.78079223632812
2020-07-16,182.73728942871094
2020-07-17,182.69085693359375
2020-07-20,182.8170928955078
2020-07-21,182.50892639160156
2020-07-22,182.70480346679688
2020-07-23,182.72515869140625
2020-07-24,182.845947265625
2020-07-27,182.66143798828125
2020-07-28,182.80270385742188
2020-07-29,182.7174835205078
2020-07-30,182.98068237304688
2020-07-31,182.64260864257812
2020-08-03,182.72732543945312
2020-08-04,182.48263549804688
2020-08-05,182.57131958007812
2020-08-06,182.45449829101562
2020-08-07,182.58447265625
2020-08-10,182.8137664794922
2020-08-11,181.71865844726562
2020-08-12,181.29083251953125
2020-08-13,179.982666015625
2020-08-14,179.87025451660156
2020-08-17,180.6903839111328
2020-08-18,180.8480682373047
2020-08-19,181.0843048095703
2020-08-20,183.16209411621094
2020-08-21,181.6165771484375
2020-08-24,181.72312927246094
2020-08-25,182.0615692138672
2020-08-26,183.1509552001953
2020-08-27,183.22909545898438
2020-08-28,183.1029052734375
2020-08-31,183.37461853027344
2020-09-01,182.80873107910156
2020-09-02,182.96075439453125
2020-09-03,182.22543334960938
2020-09-04,182.50697326660156
2020-09-07,182.0916290283203
2020-09-08,181.7902374267578
2020-09-09,181.25704956054688
2020-09-10,181.41366577148438
2020-09-11,181.7540740966797
2020-09-14,181.55381774902344
2020-09-15,181.3651885986328
2020-09-16,181.51510620117188
2020-09-17,182.0411834716797
2020-09-18,182.0985107421875
2020-09-21,182.5265350341797
2020-09-22,182.62208557128906
2020-09-23,182.50857543945312
2020-09-24,182.0067596435547
2020-09-25,182.19151306152344
2020-09-28,182.30276489257812
2020-09-29,182.2209014892578
2020-09-30,182.078857421875
2020-10-01,181.99916076660156
2020-10-02,181.8809814453125
2020-10-05,181.59434509277344
2020-10-06,181.68255615234375
2020-10-07,181.6075439453125
2020-10-08,181.37307739257812
2020-10-09,181.29786682128906
2020-10-12,181.25457763671875
2020-10-13,181.31304931640625
2020-10-14,181.4008026123047
2020-10-15,181.76026916503906
2020-10-16,181.65966796875
2020-10-19,181.26670837402344
2020-10-20,181.42636108398438
2020-10-21,181.57150268554688
2020-10-22,181.28489685058594
2020-10-23,181.4906768798828
2020-10-26,181.31369018554688
2020-10-27,181.37315368652344
2020-10-28,181.32470703125
2020-10-29,181.3837890625
2020-10-30,181.865234375
2020-11-02,181.2977294921875
2020-11-03,181.53811645507812
2020-11-04,181.34619140625
2020-11-05,181.28282165527344
2020-11-06,181.53323364257812
2020-11-09,181.45262145996094
2020-11-10,181.68167114257812
2020-11-11,181.4630889892578
2020-11-12,181.6326141357422
2020-11-13,181.6480712890625
2020-11-16,181.77606201171875
2020-11-17,181.9028778076172
2020-11-18,182.29327392578125
2020-11-19,181.83790588378906
2020-11-20,182.0706787109375
2020-11-23,182.21920776367188
2020-11-24,182.42575073242188
2020-11-25,182.65313720703125
2020-11-26,182.78602600097656
2020-11-27,182.18016052246094
2020-11-30,182.35987854003906
2020-12-01,182.91468811035156
2020-12-02,183.1719512939453
2020-12-03,182.93165588378906
2020-12-04,183.1536407470703
2020-12-07,182.7766571044922
2020-12-08,183.58016967773438
2020-12-09,183.30479431152344
2020-12-10,182.8690643310547
2020-12-11,183.03294372558594
2020-12-14,183.80740356445312
2020-12-15,184.31153869628906
2020-12-16,184.12171936035156
2020-12-17,184.11175537109375
2020-12-18,184.25660705566406
2020-12-21,184.84901428222656
2020-12-22,184.94297790527344
2020-12-23,186.4195556640625
2020-12-24,187.38528442382812
2020-12-25,186.9153594970703
2020-12-28,186.96441650390625
2020-12-29,185.134521484375
2020-12-30,185.10546875
2020-12-31,182.65487670898438
2021-01-01,182.36082458496094
2021-01-04,183.30140686035156
2021-01-05,184.06832885742188
2021-01-06,185.872314453125
2021-01-07,185.5323028564453
2021-01-08,185.1905517578125
2021-01-11,185.5330047607422
2021-01-12,186.20814514160156
2021-01-13,187.0789031982422
2021-01-14,189.5741424560547
2021-01-15,189.63844299316406
2021-01-18,190.80715942382812
2021-01-19,189.6241455078125
2021-01-20,190.65963745117188
2021-01-21,192.607177734375
2021-01-22,193.05499267578125
2021-01-25,194.9687042236328
2021-01-26,194.64259338378906
2021-01-27,192.53070068359375
2021-01-28,189.9021759033203
2021-01-29,189.60400390625
2021-02-01,187.63482666015625
2021-02-02,191.0382537841797
2021-02-03,190.99562072753906
2021-02-04,190.7039031982422
2021-02-05,190.48501586914062
2021-02-08,190.58399963378906
2021-02-09,192.10011291503906
2021-02-10,192.91049194335938
2021-02-11,194.22055053710938
2021-02-12,191.09426879882812
2021-02-15,191.3883056640625
2021-02-16,191.71401977539062
2021-02-17,192.6127166748047
2021-02-18,193.35638427734375
2021-02-19,193.9054412841797
2021-02-22,192.93446350097656
2021-02-23,190.6177978515625
2021-02-24,190.6226043701172
2021-02-25,191.0776824951172
2021-02-26,191.57078552246094
2021-03-01,191.5537109375
2021-03-02,191.60189819335938
2021-03-03,192.64381408691406
2021-03-04,192.6087188720703
2021-03-05,192.78085327148438
2021-03-08,192.97610473632812
2021-03-09,193.38230895996094
2021-03-10,193.6970977783203
2021-03-11,193.52008056640625
2021-03-12,193.61911010742188
2021-03-15,192.9727020263672
2021-03-16,194.46978759765625
2021-03-17,195.8269805908203
2021-03-18,197.49998474121094
2021-03-19,194.5005645751953
2021-03-22,194.7534637451172
2021-03-23,195.32635498046875
2021-03-24,195.49810791015625
2021-03-25,196.0738067626953
2021-03-26,195.50369262695312
2021-03-29,196.00071716308594
2021-03-30,196.1266326904297
2021-03-31,196.0109100341797
2021-04-01,196.47528076171875
2021-04-02,196.54226684570312
2021-04-05,195.90707397460938
2021-04-06,196.3089141845703
2021-04-07,197.0459442138672
2021-04-08,197.44825744628906
2021-04-09,198.53770446777344
2021-04-12,197.27261352539062
2021-04-13,198.60130310058594
2021-04-14,198.552490234375
2021-04-15,198.5753936767578
2021-04-16,198.0045623779297
2021-04-19,190.2655029296875
2021-04-20,188.0513458251953
2021-04-21,188.0483856201172
2021-04-22,189.09046936035156
2021-04-23,191.5431671142578
2021-04-26,190.96688842773438
2021-04-27,191.6270294189453
2021-04-28,192.15451049804688
2021-04-29,192.07327270507812
2021-04-30,194.06568908691406
2021-05-03,195.5740203857422
2021-05-04,194.09161376953125
2021-05-05,194.05140686035156
2021-05-06,194.10589599609375
2021-05-07,194.11038208007812
2021-05-10,192.63807678222656
2021-05-11,194.16905212402344
2021-05-12,193.79415893554688
2021-05-13,193.58729553222656
2021-05-14,194.0591278076172
2021-05-17,194.0859375
2021-05-18,194.15850830078125
2021-05-19,194.12423706054688
2021-05-20,194.18133544921875
2021-05-21,194.0406951904297
2021-05-24,194.17779541015625
2021-05-25,194.16317749023438
2021-05-26,196.55421447753906
2021-05-27,195.7449188232422
2021-05-28,195.64442443847656
2021-05-31,195.58334350585938
2021-06-01,194.8972625732422
2021-06-02,194.6604766845703
2021-06-03,195.134521484375
2021-06-04,195.0552215576172
2021-06-07,195.0709686279297
2021-06-08,194.60397338867188
2021-06-09,195.04571533203125
2021-06-10,195.6237030029297
2021-06-11,195.5843963623047
2021-06-14,195.28036499023438
2021-06-15,195.15914916992188
2021-06-16,195.09896850585938
2021-06-17,195.61143493652344
2021-06-18,195.05442810058594
2021-06-21,195.84475708007812
2021-06-22,196.06919860839844
2021-06-23,195.7783966064453
2021-06-24,196.28829956054688
2021-06-25,196.2985076904297
2021-06-28,196.1571044921875
2021-06-29,196.1677703857422
2021-06-30,196.61814880371094
2021-07-01,196.63311767578125
2021-07-02,196.56051635742188
2021-07-05,195.9146270751953
2021-07-06,196.0350341796875
2021-07-07,196.53982543945312
2021-07-08,196.01495361328125
2021-07-09,195.972900390625
2021-07-12,195.91690063476562
2021-07-13,195.98394775390625
2021-07-14,196.6285858154297
2021-07-15,195.9436492919922
2021-07-16,195.99026489257812
2021-07-19,195.9830322265625
2021-07-20,195.6864776611328
2021-07-21,196.5527801513672
2021-07-22,196.49659729003906
2021-07-23,196.59848022460938
2021-07-26,196.39614868164062
2021-07-27,196.55104064941406
2021-07-28,196.0533447265625
2021-07-29,196.03994750976562
2021-07-30,196.5841827392578
2021-08-02,196.5458984375
2021-08-03,196.54840087890625
2021-08-04,196.5293731689453
2021-08-05,196.57452392578125
2021-08-06,196.586181640625
2021-08-09,197.2351837158203
2021-08-10,196.4820556640625
2021-08-11,196.56134033203125
2021-08-12,196.5626678466797
2021-08-13,196.46986389160156
2021-08-16,196.7375030517578
2021-08-17,196.52752685546875
2021-08-18,196.5414276123047
2021-08-19,196.52598571777344
2021-08-20,196.4396209716797
2021-08-23,196.22808837890625
2021-08-24,196.79086303710938
2021-08-25,196.44403076171875
2021-08-26,196.53395080566406
2021-08-27,196.52345275878906
2021-08-30,196.5110321044922
2021-08-31,196.77291870117188
2021-09-01,196.37709045410156
2021-09-02,196.5464630126953
2021-09-03,196.59571838378906
2021-09-06,197.49891662597656
2021-09-07,197.29092407226562
2021-09-08,198.57020568847656
2021-09-09,196.76507568359375
2021-09-10,196.8393096923828
2021-09-13,196.7790985107422
2021-09-14,196.5169219970703
2021-09-15,196.42913818359375
2021-09-16,196.52670288085938
2021-09-17,196.49114990234375
2021-09-20,196.6422576904297
2021-09-21,196.53622436523438
2021-09-22,196.9874267578125
2021-09-23,196.79739379882812
2021-09-24,196.5504608154297
2021-09-27,196.74549865722656
2021-09-28,197.0408172607422
2021-09-29,196.7547607421875
2021-09-30,196.77508544921875
2021-10-01,196.7311553955078
2021-10-04,196.6849822998047
2021-10-05,196.9813995361328
2021-10-06,196.67213439941406
2021-10-07,196.39976501464844
2021-10-08,196.9427490234375
2021-10-11,196.8658447265625
2021-10-12,196.9935760498047
2021-10-13,197.4532012939453
2021-10-14,197.9908447265625
2021-10-15,197.94378662109375
2021-10-18,199.0137481689453
2021-10-19,197.4326171875
2021-10-20,198.01271057128906
2021-10-21,197.48049926757812
2021-10-22,197.4719696044922
2021-10-25,198.34483337402344
2021-10-26,198.98382568359375
2021-10-27,198.47665405273438
2021-10-28,198.4462432861328
2021-10-29,198.96817016601562
2021-11-01,199.048583984375
2021-11-02,198.92559814453125
2021-11-03,199.0084228515625
2021-11-04,198.4666290283203
2021-11-05,198.46661376953125
2021-11-08,198.46286010742188
2021-11-09,198.34771728515625
2021-11-10,198.46466064453125
2021-11-11,198.95919799804688
2021-11-12,198.8922119140625
2021-11-15,198.98318481445312
2021-11-16,199.0067901611328
2021-11-17,198.94114685058594
2021-11-18,199.2825164794922
2021-11-19,198.90602111816406
2021-11-22,198.7995147705078
2021-11-23,199.68788146972656
2021-11-24,199.58111572265625
2021-11-25,199.6708984375
2021-11-26,199.33059692382812
2021-11-29,199.4125213623047
2021-11-30,199.68238830566406
2021-12-01,199.67092895507812
2021-12-02,198.8461456298828
2021-12-03,199.48658752441406
2021-12-06,198.79248046875
2021-12-07,199.61265563964844
2021-12-08,199.67288208007812
2021-12-09,199.91213989257812
2021-12-10,199.802734375
2021-12-13,198.5612030029297
2021-12-14,198.90797424316406
2021-12-15,199.49063110351562
2021-12-16,198.89527893066406
2021-12-17,198.74974060058594
2021-12-20,200.2915496826172
2021-12-21,199.38214111328125
2021-12-22,199.36866760253906
2021-12-23,199.402099609375
2021-12-24,199.5113983154297
2021-12-27,199.41294860839844
2021-12-28,200.05624389648438
2021-12-29,199.81044006347656
2021-12-30,199.73858642578125
2021-12-31,199.83856201171875
2022-01-03,199.8290252685547
2022-01-04,199.8703155517578
2022-01-05,199.6967315673828
2022-01-06,198.969482421875
2022-01-07,198.92039489746094
2022-01-10,198.7975616455078
2022-01-11,199.7466278076172
2022-01-12,199.7556610107422
2022-01-13,199.76019287109375
2022-01-14,199.90530395507812
2022-01-17,199.76211547851562
2022-01-18,199.45712280273438
2022-01-19,199.46304321289062
2022-01-20,199.8038330078125
2022-01-21,199.45501708984375
2022-01-24,199.4636688232422
2022-01-25,198.95138549804688
2022-01-26,199.8852081298828
2022-01-27,199.77532958984375
2022-01-28,198.76376342773438
2022-01-31,198.57095336914062
2022-02-01,199.8968505859375
2022-02-02,199.423583984375
2022-02-03,199.78826904296875
2022-02-04,199.45452880859375
2022-02-07,199.43905639648438
2022-02-08,199.77896118164062
2022-02-09,198.93865966796875
2022-02-10,198.91844177246094
2022-02-11,199.81690979003906
2022-02-14,200.2279510498047
2022-02-15,199.4886016845703
2022-02-16,199.3799591064453
2022-02-17,199.21200561523438
2022-02-18,199.54769897460938
2022-02-21,199.42930603027344
2022-02-22,199.40257263183594
2022-02-23,199.62655639648438
2022-02-24,199.39356994628906
2022-02-25,199.4140167236328
2022-02-28,197.90318298339844
2022-03-01,198.96987915039062
2022-03-02,198.57699584960938
2022-03-03,199.54391479492188
2022-03-04,199.7213897705078
2022-03-07,199.26339721679688
2022-03-08,198.4033966064453
2022-03-09,202.02000427246094
2022-03-10,224.35789489746094
2022-03-11,251.74107360839844
2022-03-14,251.36724853515625
2022-03-15,251.5740509033203
2022-03-16,269.1261291503906
2022-03-17,262.09796142578125
2022-03-18,261.4940490722656
2022-03-21,274.2377014160156
2022-03-22,276.85247802734375
2022-03-23,281.1000061035156
2022-03-24,279.2372131347656
2022-03-25,284.52215576171875
2022-03-28,287.69293212890625
2022-03-29,281.685302734375
2022-03-30,292.6726989746094
2022-03-31,291.84857177734375
2022-04-01,290.5791320800781
2022-04-04,294.8230285644531
2022-04-05,291.6521911621094
2022-04-06,296.7595520019531
2022-04-07,296.7408142089844
2022-04-08,311.74884033203125
2022-04-11,311.9154357910156
2022-04-12,317.0744934082031
2022-04-13,321.8179016113281
2022-04-14,318.8940734863281
2022-04-15,319.16278076171875
2022-04-18,321.90863037109375
2022-04-19,322.1753845214844
2022-04-20,326.8905944824219
2022-04-21,326.89111328125
2022-04-22,333.6298828125
2022-04-25,332.6606750488281
2022-04-26,336.7380065917969
2022-04-27,342.0693664550781
2022-04-28,351.9951477050781
2022-04-29,346.3857421875
2022-05-02,346.68231201171875
2022-05-03,351.1136779785156
2022-05-04,349.3203125
2022-05-05,349.0818176269531
2022-05-06,357.2232666015625
2022-05-09,351.66143798828125
2022-05-10,356.92791748046875
2022-05-11,356.35076904296875
2022-05-12,356.4580993652344
2022-05-13,366.5431823730469
2022-05-16,356.3907165527344
2022-05-17,345.9757080078125
2022-05-18,361.3144226074219
2022-05-19,356.7082214355469
2022-05-20,356.8791198730469
2022-05-23,351.9920654296875
2022-05-24,356.7535095214844
2022-05-25,356.9435729980469
2022-05-26,356.7637023925781
2022-05-27,356.89471435546875
2022-05-30,351.4820861816406
2022-05-31,361.6041564941406
2022-06-01,359.1942443847656
2022-06-02,356.17303466796875
2022-06-03,356.8161926269531
2022-06-06,357.9395751953125
2022-06-07,358.7641296386719
2022-06-08,356.2693176269531
2022-06-09,355.1389465332031
2022-06-10,356.72540283203125
2022-06-13,357.7423400878906
2022-06-14,355.3417053222656
2022-06-15,345.8128967285156
2022-06-16,356.5830993652344
2022-06-17,356.7959899902344
2022-06-20,356.39471435546875
2022-06-21,353.8093566894531
2022-06-22,356.6918029785156
2022-06-23,358.61871337890625
2022-06-24,356.80926513671875
2022-06-27,356.83123779296875
2022-06-28,356.794677734375
2022-06-29,356.7523193359375
2022-06-30,356.4836730957031
2022-07-01,357.0577087402344
2022-07-04,356.55718994140625
2022-07-05,355.09527587890625
2022-07-06,355.03289794921875
2022-07-07,353.6259460449219
2022-07-08,356.5182189941406
2022-07-11,359.40313720703125
2022-07-12,357.1804504394531
2022-07-13,356.2903747558594
2022-07-14,354.0760498046875
2022-07-15,357.5233154296875
2022-07-18,355.9473876953125
2022-07-19,354.5083923339844
2022-07-20,354.6470947265625
2022-07-21,356.1943054199219
2022-07-22,359.41156005859375
2022-07-25,355.06903076171875
2022-07-26,351.4632568359375
2022-07-27,351.5105895996094
2022-07-28,356.1322021484375
2022-07-29,361.6355285644531
2022-08-01,355.1024475097656
2022-08-02,354.7018127441406
2022-08-03,361.31634521484375
2022-08-04,353.3114318847656
2022-08-05,357.067138671875
2022-08-08,358.4227294921875
2022-08-09,356.8135681152344
2022-08-10,356.52142333984375
2022-08-11,353.7380065917969
2022-08-12,359.5361328125
2022-08-15,356.53009033203125
2022-08-16,359.5701599121094
2022-08-17,361.737060546875
2022-08-18,356.8251037597656
2022-08-19,356.53009033203125
2022-08-22,357.08477783203125
2022-08-23,356.3897399902344
2022-08-24,361.75079345703125
2022-08-25,360.2981872558594
2022-08-26,361.1313781738281
2022-08-29,353.2654724121094
2022-08-30,355.6619873046875
2022-08-31,361.1007385253906
2022-09-01,351.1859436035156
2022-09-02,361.66204833984375
2022-09-05,356.5832214355469
2022-09-06,355.471435546875
2022-09-07,356.2425537109375
2022-09-08,356.6007995605469
2022-09-09,356.4022216796875
2022-09-12,353.76922607421875
2022-09-13,358.62347412109375
2022-09-14,361.7928466796875
2022-09-15,361.5211181640625
2022-09-16,356.3231201171875
2022-09-19,352.2569885253906
2022-09-20,356.2267761230469
2022-09-21,365.4657897949219
2022-09-22,355.72149658203125
2022-09-23,361.6614074707031
2022-09-26,358.6598815917969
2022-09-27,358.6816711425781
2022-09-28,359.9280090332031
2022-09-29,360.9987487792969
2022-09-30,355.98895263671875
2022-10-03,362.0741882324219
2022-10-04,356.3005065917969
2022-10-05,356.6273498535156
2022-10-06,362.8702087402344
2022-10-07,359.32305908203125
2022-10-10,363.49798583984375
2022-10-11,362.3199768066406
2022-10-12,362.2490539550781
2022-10-13,362.9409484863281
2022-10-14,361.494140625
2022-10-17,361.564453125
2022-10-18,362.4768371582031
2022-10-19,361.73858642578125
2022-10-20,361.9754333496094
2022-10-21,361.6251220703125
2022-10-24,355.3642883300781
2022-10-25,361.67510986328125
2022-10-26,363.240478515625
2022-10-27,361.80780029296875
2022-10-28,363.54534912109375
2022-10-31,363.7010498046875
2022-11-01,362.185546875
2022-11-02,363.3855895996094
2022-11-03,363.3043212890625
2022-11-04,363.2556457519531
2022-11-07,356.7203674316406
2022-11-08,360.9989013671875
2022-11-09,361.9505920410156
2022-11-10,363.96820068359375
2022-11-11,364.8209533691406
2022-11-14,361.2154235839844
2022-11-15,362.2781677246094
2022-11-16,364.3590393066406
2022-11-17,364.1209411621094
2022-11-18,364.01715087890625
2022-11-21,363.84124755859375
2022-11-22,364.251220703125
2022-11-23,364.2730712890625
2022-11-24,362.16302490234375
2022-11-25,365.26611328125
2022-11-28,363.9897155761719
2022-11-29,365.4775390625
2022-11-30,364.47308349609375
2022-12-01,365.0350646972656
2022-12-02,365.0191650390625
2022-12-05,365.1804504394531
2022-12-06,364.0941467285156
2022-12-07,364.20672607421875
2022-12-08,364.0923156738281
2022-12-09,364.0949401855469
2022-12-12,364.4375915527344
2022-12-13,363.9687805175781
2022-12-14,364.115966796875
2022-12-15,362.3588562011719
2022-12-16,364.3652038574219
2022-12-19,365.4393005371094
2022-12-20,361.7275085449219
2022-12-21,362.3952941894531
2022-12-22,362.1419677734375
2022-12-23,362.0870361328125
2022-12-26,362.1564636230469
2022-12-27,362.00640869140625
2022-12-28,362.35284423828125
2022-12-29,362.46502685546875
2022-12-30,362.1998291015625
2023-01-02,364.2508544921875
2023-01-03,362.2666931152344
2023-01-04,362.1963806152344
2023-01-05,362.3021240234375
2023-01-06,362.4048767089844
2023-01-09,362.4948425292969
2023-01-10,364.1459045410156
2023-01-11,364.431640625
2023-01-12,363.4314880371094
2023-01-13,364.2546081542969
2023-01-16,361.54241943359375
2023-01-17,362.78082275390625
2023-01-18,364.5887145996094
2023-01-19,360.5257873535156
2023-01-20,363.7694091796875
2023-01-23,362.72320556640625
2023-01-24,361.0307312011719
2023-01-25,360.7957763671875
2023-01-26,360.75543212890625
2023-01-27,361.1924743652344
2023-01-30,360.9603271484375
2023-01-31,362.6981506347656
2023-02-01,364.2533264160156
2023-02-02,362.75689697265625
2023-02-03,362.8015441894531
2023-02-06,365.1622009277344
2023-02-07,361.8731689453125
2023-02-08,362.1409912109375
2023-02-09,362.0829772949219
2023-02-10,361.94061279296875
2023-02-13,361.59344482421875
2023-02-14,361.75384521484375
2023-02-15,361.677001953125
2023-02-16,362.57196044921875
2023-02-17,361.7205810546875
2023-02-20,360.1639404296875
2023-02-21,358.718017578125
2023-02-22,361.9963073730469
2023-02-23,361.6292419433594
2023-02-24,361.629638671875
2023-02-27,361.48333740234375
2023-02-28,359.67791748046875
2023-03-01,358.6318359375
2023-03-02,354.6932678222656
2023-03-03,342.75927734375
2023-03-06,336.28997802734375
2023-03-07,330.4106750488281
2023-03-08,321.6394958496094
2023-03-09,326.6334228515625
2023-03-10,321.8226623535156
2023-03-13,320.142822265625
2023-03-14,327.0154113769531
2023-03-15,336.60394287109375
2023-03-16,334.5929260253906
2023-03-17,338.8475646972656
2023-03-20,331.02362060546875
2023-03-21,341.74041748046875
2023-03-22,319.7699279785156
2023-03-23,319.2768249511719
2023-03-24,316.428955078125
2023-03-27,320.0570373535156
2023-03-28,321.6457214355469
2023-03-29,321.3175354003906
2023-03-30,321.56060791015625
2023-03-31,326.8398132324219
2023-04-03,328.9999084472656
2023-04-04,319.9561767578125
2023-04-05,318.2304992675781
2023-04-06,319.4075927734375
2023-04-07,316.89459228515625
2023-04-10,314.3559875488281
2023-04-11,316.92510986328125
2023-04-12,316.4619445800781
2023-04-13,318.8891296386719
2023-04-14,319.80572509765625
2023-04-17,318.5285339355469
2023-04-18,322.1989440917969
2023-04-19,318.9742431640625
2023-04-20,317.9090270996094
2023-04-21,318.7860412597656
2023-04-24,319.6634521484375
2023-04-25,318.8543395996094
2023-04-26,321.8205261230469
2023-04-27,319.0408020019531
2023-04-28,318.8443908691406
2023-05-01,313.0587158203125
2023-05-02,316.5986022949219
2023-05-03,313.4156188964844
2023-05-04,316.53302001953125
2023-05-05,316.2775573730469
2023-05-08,316.8464050292969
2023-05-09,315.854736328125
2023-05-10,314.83489990234375
2023-05-11,313.5413513183594
2023-05-12,308.72998046875
2023-05-15,309.33770751953125
2023-05-16,309.8764953613281
2023-05-17,306.4969787597656
2023-05-18,301.4252624511719
2023-05-19,304.3584899902344
2023-05-22,302.9611511230469
2023-05-23,302.8930358886719
2023-05-24,301.5164794921875
2023-05-25,300.3669128417969
2023-05-26,299.0420837402344
2023-05-29,294.78955078125
2023-05-30,293.6785583496094
2023-05-31,290.70770263671875
2023-06-01,285.46148681640625
2023-06-02,291.6256408691406
2023-06-05,288.07159423828125
2023-06-06,287.2279357910156
2023-06-07,289.45880126953125
2023-06-08,288.6302795410156
2023-06-09,292.2322082519531
2023-06-12,293.6510009765625
2023-06-13,297.818603515625
2023-06-14,304.4189147949219
2023-06-15,316.8031005859375
2023-06-16,303.9920959472656
2023-06-19,306.2331848144531
2023-06-20,303.7633972167969
2023-06-21,304.7806396484375
2023-06-22,304.7850036621094
2023-06-23,304.0965576171875
2023-06-26,302.91253662109375
2023-06-27,305.9827880859375
2023-06-28,305.9168395996094
2023-06-29,303.98846435546875
2023-06-30,303.9987487792969
2023-07-03,302.8333435058594
2023-07-04,304.48858642578125
2023-07-05,302.9270935058594
2023-07-06,304.6958312988281
2023-07-07,307.84637451171875
2023-07-10,306.4085693359375
2023-07-11,309.87200927734375
2023-07-12,310.4212341308594
2023-07-13,309.8830871582031
2023-07-14,314.8168029785156
2023-07-17,316.6022033691406
2023-07-18,319.2826232910156
2023-07-19,320.5111083984375
2023-07-20,322.4727783203125
2023-07-21,323.1795654296875
2023-07-24,324.9135437011719
2023-07-25,328.1539306640625
2023-07-26,328.9679870605469
2023-07-27,327.5120544433594
2023-07-28,327.4549560546875
2023-07-31,325.57421875
2023-08-01,317.0429992675781
2023-08-02,315.94097900390625
2023-08-03,312.2506103515625
2023-08-04,316.6631774902344
2023-08-07,315.7784729003906
2023-08-08,320.6339111328125
2023-08-09,317.72918701171875
2023-08-10,315.9002380371094
2023-08-11,316.5941162109375
2023-08-14,319.03179931640625
2023-08-15,318.9852600097656
2023-08-16,318.34271240234375
2023-08-17,317.86224365234375
2023-08-18,317.86224365234375
2023-08-21,318.9276123046875
2023-08-22,321.5888671875
2023-08-23,321.03277587890625
2023-08-24,320.7445983886719
2023-08-25,321.265380859375
2023-08-28,320.95587158203125
2023-08-29,320.489501953125
2023-08-30,318.2118835449219
2023-08-31,318.5418701171875
2023-09-01,317.81683349609375
2023-09-04,318.2125549316406
2023-09-05,316.98077392578125
2023-09-06,320.253662109375
2023-09-07,319.5179748535156
2023-09-08,319.65264892578125
2023-09-11,319.1020812988281
2023-09-12,319.2765197753906
2023-09-13,320.0653381347656
2023-09-14,320.33648681640625
2023-09-15,320.2201843261719
2023-09-18,319.3891296386719
2023-09-19,320.32879638671875
2023-09-20,320.63067626953125
2023-09-21,321.9031066894531
2023-09-22,322.6855163574219
2023-09-25,319.8294982910156
2023-09-26,322.3281555175781
2023-09-27,320.7629089355469
2023-09-28,320.8809814453125
2023-09-29,321.0047607421875
2023-10-02,321.6454772949219
2023-10-03,321.3700866699219
2023-10-04,320.71624755859375
2023-10-05,320.86248779296875
2023-10-06,319.54913330078125
2023-10-09,319.358642578125
2023-10-10,320.3631286621094
2023-10-11,320.8773498535156
2023-10-12,321.2569274902344
2023-10-13,320.4780578613281
2023-10-16,320.8255920410156
2023-10-17,321.0314025878906
2023-10-18,320.77374267578125
2023-10-19,321.4642639160156
2023-10-20,321.580322265625
2023-10-23,321.6181945800781
2023-10-24,322.5888671875
2023-10-25,324.242919921875
2023-10-26,323.4812927246094
2023-10-27,323.7330627441406
2023-10-30,323.2288818359375
2023-10-31,323.9674072265625
2023-11-01,324.656005859375
2023-11-02,324.549560546875
2023-11-03,325.39910888671875
2023-11-06,323.055419921875
2023-11-07,323.7895812988281
2023-11-08,323.9144592285156
2023-11-09,325.6844787597656
2023-11-10,324.2117919921875
2023-11-13,323.0740661621094
2023-11-14,323.996826171875
2023-11-15,324.51055908203125
2023-11-16,325.8169860839844
2023-11-17,325.2241516113281
2023-11-20,323.2199401855469
2023-11-21,324.3384094238281
2023-11-22,325.2441711425781
2023-11-23,325.3206481933594
2023-11-24,325.7577209472656
2023-11-27,324.3230895996094
2023-11-28,326.1188049316406
2023-11-29,326.0918273925781
2023-11-30,326.13543701171875
2023-12-01,324.98992919921875
2023-12-04,325.277099609375
2023-12-05,325.1351013183594
2023-12-06,324.82843017578125
2023-12-07,324.11517333984375
2023-12-08,323.9185485839844
2023-12-11,324.606689453125
2023-12-12,324.2987060546875
2023-12-13,323.7835998535156
2023-12-14,323.2831115722656
2023-12-15,323.4949645996094
2023-12-18,325.57861328125
2023-12-19,323.77801513671875
2023-12-20,323.7882995605469
2023-12-21,323.8963317871094
2023-12-22,321.68450927734375
2023-12-25,322.68902587890625
2023-12-26,322.68902587890625
2023-12-27,322.9059753417969
2023-12-28,320.4774169921875
2023-12-29,322.4024963378906
2024-01-01,321.3423156738281
2024-01-02,321.63323974609375
2024-01-03,318.9188232421875
2024-01-04,319.51763916015625
2024-01-05,319.6883850097656
2024-01-08,319.8081359863281
2024-01-09,319.2978515625
2024-01-10,319.2995300292969
2024-01-11,319.7935485839844
2024-01-12,319.56817626953125
2024-01-15,318.6813049316406
2024-01-16,318.79705810546875
2024-01-17,318.90228271484375
2024-01-18,317.7734069824219
2024-01-19,318.0056457519531
2024-01-22,316.9570007324219
2024-01-23,316.8079528808594
2024-01-24,316.6531677246094
2024-01-25,315.2783508300781
2024-01-26,315.4482727050781
2024-01-29,314.78668212890625
2024-01-30,314.62200927734375
2024-01-31,313.8473815917969
2024-02-01,312.2268981933594
2024-02-02,309.99462890625
2024-02-05,311.631591796875
2024-02-06,309.8089294433594
2024-02-07,310.95806884765625
2024-02-08,310.062255859375
2024-02-09,310.19305419921875
2024-02-12,309.47454833984375
2024-02-13,310.2697448730469
2024-02-14,310.0740051269531
2024-02-15,309.88916015625
2024-02-16,309.525146484375
2024-02-19,309.2646789550781
2024-02-20,309.31585693359375
2024-02-21,308.7010803222656
2024-02-22,308.28778076171875
2024-02-23,307.81634521484375
2024-02-26,307.4147644042969
2024-02-27,307.6271057128906
2024-02-28,307.2461242675781
2024-02-29,306.3331604003906
2024-03-01,306.63250732421875
2024-03-04,304.24249267578125
2024-03-05,304.99102783203125
2024-03-06,304.96209716796875
2024-03-07,304.7013854980469
2024-03-08,302.88299560546875
2024-03-11,303.9605407714844
2024-03-12,303.7703857421875
2024-03-13,303.3799743652344
2024-03-14,302.9001770019531
2024-03-15,302.4441223144531
2024-03-18,302.16693115234375
2024-03-19,302.2466735839844
2024-03-20,300.7511901855469
2024-03-21,300.9513854980469
2024-03-22,300.742431640625
2024-03-25,298.8356628417969
2024-03-26,298.9718933105469
2024-03-27,298.8571472167969
2024-03-28,297.6688232421875
2024-03-29,297.2238464355469
2024-04-01,296.8124694824219
2024-04-02,297.08062744140625
2024-04-03,296.12841796875
2024-04-04,296.2629699707031
2024-04-05,296.2291259765625
2024-04-08,295.645751953125
2024-04-09,294.98553466796875
2024-04-10,295.43865966796875
2024-04-11,295.7692565917969
2024-04-12,295.2425231933594
2024-04-15,294.5233154296875
2024-04-16,295.6766357421875
2024-04-17,296.77880859375
2024-04-18,297.8918762207031
2024-04-19,297.9572448730469
2024-04-22,298.08349609375
2024-04-23,297.4124755859375
2024-04-24,296.6150207519531
2024-04-25,295.0946960449219
2024-04-26,293.764404296875
2024-04-29,293.4635314941406
2024-04-30,294.0902099609375
2024-05-01,293.37548828125
2024-05-02,294.8533630371094
2024-05-03,293.9178161621094
2024-05-06,293.4634094238281
2024-05-07,293.7154541015625
2024-05-08,296.5023498535156
2024-05-09,297.06793212890625
2024-05-10,295.4736022949219
2024-05-13,295.92425537109375
2024-05-14,296.0517883300781
2024-05-15,298.2250671386719
2024-05-16,298.6329345703125
2024-05-17,297.54278564453125
2024-05-20,294.92901611328125
2024-05-21,296.73931884765625
2024-05-22,296.7960510253906
2024-05-23,296.8748474121094
2024-05-24,296.8861083984375
2024-05-27,295.9874572753906
2024-05-28,297.29705810546875
2024-05-29,299.3278503417969
2024-05-30,298.59259033203125
2024-05-31,298.6262512207031
2024-06-03,297.4257507324219
2024-06-04,298.6457824707031
2024-06-05,298.94598388671875
2024-06-06,299.2166442871094
2024-06-07,299.05255126953125
2024-06-10,301.4652099609375
2024-06-11,299.6402893066406
2024-06-12,300.4899597167969
2024-06-13,298.8869934082031
2024-06-14,301.3374328613281
2024-06-17,300.6028747558594
2024-06-18,300.4504089355469
2024-06-19,301.7827453613281
2024-06-20,302.0058288574219
2024-06-21,301.9645080566406
2024-06-24,301.4434509277344
2024-06-25,302.0601806640625
2024-06-26,302.1502990722656
2024-06-27,302.25701904296875
2024-06-28,302.7844543457031
2024-07-01,302.4581298828125
2024-07-02,302.0677795410156
2024-07-03,302.4515380859375
2024-07-04,301.0816650390625
2024-07-05,300.962646484375
2024-07-08,301.7937927246094
2024-07-09,301.3623962402344
2024-07-10,300.98199462890625
2024-07-11,300.4762878417969
2024-07-12,299.7156982421875
2024-07-15,298.4480285644531
2024-07-16,299.4854431152344
2024-07-17,300.2133483886719
2024-07-18,300.4718322753906
2024-07-19,300.8558044433594
2024-07-22,300.3509216308594
2024-07-23,300.9048767089844
2024-07-24,300.4407958984375
2024-07-25,300.40313720703125
2024-07-26,300.23089599609375
2024-07-29,299.82403564453125
2024-07-30,299.56243896484375
2024-07-31,299.172607421875
2024-08-01,299.17364501953125
2024-08-02,299.9736022949219
2024-08-05,295.9849853515625
2024-08-06,297.1773986816406
2024-08-07,299.0422058105469
2024-08-08,298.71563720703125
2024-08-09,297.7728271484375
2024-08-12,296.4905090332031
2024-08-13,296.06134033203125
2024-08-14,295.9217224121094
2024-08-15,296.03118896484375
2024-08-16,296.7965393066406
2024-08-19,294.42254638671875
2024-08-20,295.6462707519531
2024-08-21,295.658203125
2024-08-22,297.44244384765625
2024-08-23,298.2347412109375
2024-08-26,294.3480529785156
2024-08-27,297.77862548828125
2024-08-28,297.20196533203125
2024-08-29,297.47808837890625
2024-08-30,297.7467956542969
2024-09-02,296.4613342285156
2024-09-03,295.7672119140625
2024-09-04,295.8184814453125
2024-09-05,295.000732421875
2024-09-06,295.34869384765625
2024-09-09,295.9484558105469
2024-09-10,297.6759033203125
2024-09-11,297.33697509765625
2024-09-12,297.37908935546875
2024-09-13,298.5921325683594
2024-09-16,298.5372314453125
2024-09-17,299.0149841308594
2024-09-18,299.35498046875
2024-09-19,300.2983703613281
2024-09-20,301.7083435058594
2024-09-23,301.48974609375
2024-09-24,301.2656555175781
2024-09-25,299.9505615234375
2024-09-26,299.2408142089844
2024-09-27,296.6483154296875
2024-09-30,295.40997314453125
2024-10-01,293.0636291503906
2024-10-02,291.71661376953125
2024-10-03,291.7235107421875
2024-10-04,290.9735107421875
2024-10-07,291.7186279296875
2024-10-08,290.0423889160156
2024-10-09,289.89373779296875
2024-10-10,289.7388916015625
2024-10-11,289.78509521484375
2024-10-14,289.1456298828125
2024-10-15,289.86383056640625
2024-10-16,290.0520935058594
2024-10-17,289.61358642578125
2024-10-18,289.56219482421875
2024-10-21,288.7325744628906
2024-10-22,289.9373779296875
2024-10-23,290.0498352050781
2024-10-24,290.1922607421875
2024-10-25,290.4889831542969
2024-10-28,291.0323181152344
2024-10-29,290.2300720214844
2024-10-30,290.4719543457031
2024-10-31,290.001953125
2024-11-01,289.55682373046875
2024-11-04,289.3718566894531
2024-11-05,290.1545715332031
2024-11-06,289.9054870605469
2024-11-07,289.5256652832031
2024-11-08,289.2624206542969
2024-11-11,290.9404602050781
2024-11-12,289.4220886230469
2024-11-13,289.29217529296875
2024-11-14,289.1922302246094
2024-11-15,288.7979431152344
2024-11-18,289.7065124511719
2024-11-19,286.721923828125
2024-11-20,287.659423828125
2024-11-21,287.6526794433594
2024-11-22,287.6180419921875
2024-11-25,287.61456298828125
2024-11-26,287.7076416015625
2024-11-27,287.02984619140625
2024-11-28,287.80780029296875
2024-11-29,287.3308410644531
2024-12-02,286.79425048828125
2024-12-03,287.2517395019531
2024-12-04,287.4246520996094
2024-12-05,287.2669677734375
2024-12-06,287.1728210449219
2024-12-09,287.33392333984375
2024-12-10,287.464599609375
2024-12-11,287.0892028808594
2024-12-12,286.5416564941406
2024-12-13,287.0400390625
2024-12-16,286.35736083984375
2024-12-17,287.23443603515625
2024-12-18,287.8111877441406
2024-12-19,288.1246032714844
2024-12-20,289.6011962890625
2024-12-23,289.0688781738281
2024-12-24,293.0872497558594
2024-12-25,291.1709289550781
2024-12-26,291.1709289550781
2024-12-27,290.889892578125
2024-12-30,289.5027160644531
2024-12-31,288.9595642089844
2025-01-02,288.9595642089844
2025-01-03,289.8376770019531
2025-01-06,289.87347412109375
2025-01-07,292.63067626953125
2025-01-08,292.26910400390625
2025-01-09,292.90509033203125
2025-01-10,291.2391357421875
2025-01-13,292.45843505859375
2025-01-14,291.4007263183594
2025-01-15,291.4746398925781
2025-01-16,292.1883850097656
2025-01-17,293.0880126953125
2025-01-20,293.0279846191406
2025-01-21,293.62091064453125
2025-01-22,294.0182189941406
2025-01-23,295.32611083984375
2025-01-24,295.3936767578125
2025-01-27,294.36962890625
2025-01-28,295.1872253417969
2025-01-29,293.8360900878906
2025-01-30,293.3211364746094
2025-01-31,294.0155334472656
2025-02-03,299.27557373046875
2025-02-04,293.44622802734375
2025-02-05,296.1373596191406
2025-02-06,295.2920227050781
2025-02-07,294.9253234863281
2025-02-10,295.21551513671875
2025-02-11,293.66900634765625
2025-02-12,293.66070556640625
2025-02-13,293.78704833984375
2025-02-14,292.96142578125
2025-02-17,291.34637451171875
2025-02-18,292.3287658691406
2025-02-19,293.0055847167969
2025-02-20,293.4151611328125
2025-02-21,292.5621643066406
2025-02-24,292.40838623046875
2025-02-25,292.21917724609375
2025-02-26,292.0518798828125
2025-02-27,292.3557434082031
2025-02-28,291.8541259765625
2025-03-03,292.4225769042969
2025-03-04,291.51080322265625
2025-03-05,291.94110107421875
2025-03-06,291.65594482421875
2025-03-07,292.32470703125
2025-03-10,292.5760192871094
2025-03-11,292.3433532714844
2025-03-12,292.2036437988281
2025-03-13,292.39208984375
2025-03-14,292.09686279296875
2025-03-17,292.49713134765625
2025-03-18,293.2591857910156
2025-03-19,292.8258972167969
2025-03-20,293.0928649902344
2025-03-21,293.1708984375
2025-03-24,292.41094970703125
2025-03-25,293.71197509765625
2025-03-26,293.1352233886719
2025-03-27,293.2371520996094
2025-03-28,292.8643798828125
2025-03-31,289.8553466796875
2025-04-01,292.94622802734375
2025-04-02,292.9755859375
2025-04-03,292.61224365234375
2025-04-04,293.7733459472656
2025-04-07,295.14251708984375
2025-04-08,294.78192138671875
2025-04-09,295.4718933105469
2025-04-10,297.6172180175781
2025-04-11,294.00079345703125
2025-04-14,295.0613098144531
2025-04-15,295.0311584472656
2025-04-16,295.2793884277344
2025-04-17,295.19866943359375
2025-04-22,295.8359680175781
2025-04-23,296.8365783691406
2025-04-24,296.6181640625
2025-04-25,296.6634826660156
2025-04-28,296.5470886230469
2025-04-29,296.4957275390625
2025-04-30,296.3867492675781
2025-05-01,296.19134521484375
2025-05-02,297.1692810058594
2025-05-05,297.0586853027344
2025-05-06,296.1912841796875
2025-05-07,296.35809326171875
2025-05-08,296.311279296875
2025-05-09,295.802001953125
2025-05-12,295.4462585449219
2025-05-13,295.15521240234375
2025-05-14,295.5668640136719
2025-05-15,295.7983703613281
2025-05-16,295.5722351074219
2025-05-19,296.47442626953125
2025-05-20,296.8290100097656
2025-05-21,297.6395263671875
2025-05-22,296.44488525390625
2025-05-23,295.9132995605469
2025-05-26,295.80859375
2025-05-27,296.65386962890625
2025-05-28,296.6932678222656
2025-05-29,296.496826171875
2025-05-30,296.3419189453125
2025-06-02,295.75213623046875
2025-06-03,296.2703552246094
2025-06-04,296.40618896484375
2025-06-05,296.0943298339844
2025-06-06,296.11181640625
2025-06-09,296.5931396484375
2025-06-10,295.9599609375
2025-06-11,295.8769836425781
2025-06-12,295.9562072753906
2025-06-13,296.0225524902344
2025-06-16,295.08026123046875
2025-06-17,297.9289245605469
2025-06-18,297.6103515625
2025-06-19,297.26239013671875
2025-06-20,297.318359375
2025-06-23,297.3758544921875
2025-06-24,297.62750244140625
2025-06-25,297.2384948730469
2025-06-26,296.9375915527344
2025-06-27,296.49896240234375
2025-06-30,296.69439697265625
2025-07-01,296.84375
2025-07-02,297.1443176269531
2025-07-03,296.14813232421875
2025-07-04,297.08367919921875
2025-07-07,297.0412292480469
2025-07-08,297.928955078125
2025-07-09,297.4593200683594
2025-07-10,297.62200927734375
2025-07-11,297.6038513183594
2025-07-14,297.6614990234375
2025-07-15,297.88580322265625
2025-07-16,298.2823486328125
2025-07-17,298.6078186035156
2025-07-18,297.9528503417969
2025-07-21,298.9638366699219
2025-07-22,298.3778076171875
2025-07-23,298.66217041015625
2025-07-24,298.71099853515625
2025-07-25,298.86279296875
2025-07-28,298.2253112792969
2025-07-29,299.0315856933594
2025-07-30,299.3626708984375
2025-07-31,299.2098083496094
2025-08-01,299.0104675292969
2025-08-04,293.6456604003906
2025-08-05,297.5463562011719
2025-08-06,297.7960205078125
2025-08-07,297.8243103027344
2025-08-08,298.01434326171875
2025-08-11,297.36920166015625
2025-08-12,297.8706970214844
2025-08-13,298.1263732910156
2025-08-14,298.0694885253906
2025-08-15,298.1118469238281
2025-08-18,297.552001953125
2025-08-19,297.9692077636719
2025-08-20,298.75714111328125
2025-08-21,298.23614501953125
2025-08-22,298.7651672363281
2025-08-25,295.5008850097656
2025-08-26,298.85205078125
2025-08-27,298.9294738769531
2025-08-28,299.1211853027344
2025-08-29,299.2929382324219
2025-09-01,298.47271728515625
2025-09-02,298.78851318359375
2025-09-03,299.1558837890625
2025-09-04,299.08758544921875
2025-09-05,299.1119384765625
2025-09-08,298.1701965332031
2025-09-09,298.0315246582031
2025-09-10,298.99346923828125
2025-09-11,298.9625549316406
2025-09-12,298.69390869140625
2025-09-15,298.85333251953125
2025-09-16,298.97210693359375
2025-09-17,299.09979248046875
2025-09-18,298.787841796875
2025-09-19,299.26336669921875
2025-09-22,299.7744140625
2025-09-23,299.4273376464844
2025-09-24,299.4776306152344
2025-09-25,299.791748046875
2025-09-26,299.6814880371094
2025-09-29,298.4834899902344
2025-09-30,299.7405090332031
2025-10-01,299.7831726074219
2025-10-02,299.2799072265625
2025-10-03,299.60772705078125
2025-10-06,299.3995056152344
2025-10-07,299.2813720703125
2025-10-08,299.8601989746094
2025-10-09,299.6788635253906
2025-10-10,301.3192443847656
2025-10-13,298.6519775390625
2025-10-14,299.7546691894531
2025-10-15,299.7428894042969
2025-10-16,299.8318786621094
2025-10-17,300.14678955078125
2025-10-20,300.54931640625
2025-10-21,299.9699401855469
2025-10-22,300.0240783691406
2025-10-23,299.5927734375
2025-10-24,299.98406982421875
2025-10-27,300.2420349121094
2025-10-28,301.267333984375
2025-10-29,301.5093078613281
2025-10-30,301.4407043457031
2025-10-31,301.3500061035156
2025-11-03,300.5819091796875
2025-11-04,301.3566589355469
2025-11-05,301.70648193359375
2025-11-06,301.55413818359375
2025-11-07,301.8240966796875
2025-11-10,301.3304443359375
2025-11-11,301.1722106933594
2025-11-12,301.1333312988281
2025-11-13,301.5595397949219
2025-11-14,302.5352783203125
2025-11-17,303.55682373046875
2025-11-18,303.9739990234375
2025-11-19,304.7800598144531
2025-11-20,305.25225830078125
2025-11-21,305.15997314453125
2025-11-24,304.5245361328125
2025-11-25,304.8982238769531
2025-11-26,303.7605895996094
2025-11-27,304.97564697265625
2025-11-28,304.9532470703125
2025-12-01,304.2807312011719
2025-12-02,305.4313659667969
2025-12-03,305.89056396484375
2025-12-04,305.7390441894531
2025-12-05,305.7425231933594
2025-12-08,305.3935241699219
2025-12-09,305.5859680175781
2025-12-10,305.851806640625
2025-12-11,304.2325744628906
2025-12-12,306.1881103515625
2025-12-15,305.52978515625
2025-12-16,306.1332092285156
2025-12-17,306.5467529296875
2025-12-18,306.52105712890625
2025-12-19,306.5963134765625
2025-12-22,306.64788818359375
2025-12-23,306.5446472167969
2025-12-24,306.4895324707031
2025-12-26,306.4895324707031
2025-12-29,306.6315612792969
2025-12-30,307.1670837402344
2025-12-31,307.0933532714844
2026-01-02,306.8994140625
2026-01-05,307.0959167480469
2026-01-06,306.9488830566406
2026-01-07,306.9356384277344
2026-01-08,307.2781677246094
2026-01-09,306.11798095703125
2026-01-12,306.3979797363281
2026-01-13,306.3836669921875
2026-01-14,306.2088623046875
2026-01-15,306.4955749511719
2026-01-16,306.36785888671875
2026-01-19,307.1474609375
2026-01-20,306.6322326660156
2026-01-21,306.5621337890625
2026-01-22,306.48931884765625
2026-01-23,306.7190246582031
2026-01-26,304.4595642089844
2026-01-27,306.1642150878906
2026-01-28,306.314697265625
2026-01-29,306.5712890625
2026-01-30,306.42279052734375
2026-02-02,308.7688293457031
2026-02-03,307.0510559082031
2026-02-04,306.4125061035156
2026-02-05,306.3760681152344
2026-02-06,306.5799255371094
2026-02-09,305.5182189941406
2026-02-10,306.36456298828125
2026-02-11,306.3475341796875
2026-02-12,306.4543762207031
2026-02-13,306.5107421875
2026-02-16,305.94281005859375
2026-02-17,306.4312744140625
2026-02-18,305.9493713378906
2026-02-19,306.25311279296875
2026-02-20,306.5476989746094
2026-02-23,305.74468994140625
2026-02-24,305.6565856933594
2026-02-25,306.5862731933594
2026-02-26,305.46148681640625
2026-02-27,306.0484619140625
2026-03-02,305.7828063964844
2026-03-03,306.58770751953125
2026-03-04,306.8721618652344
2026-03-05,307.274169921875
2026-03-06,307.8605651855469
2026-03-09,306.4389953613281
2026-03-10,308.440185546875
2026-03-11,308.085205078125
2026-03-12,307.806396484375
2026-03-13,308.9574890136719
2026-03-16,308.147705078125
2026-03-17,308.28521728515625
2026-03-18,307.4776916503906
2026-03-19,308.8091735839844
2026-03-20,308.7964172363281
2026-03-23,308.3984069824219
2026-03-24,310.5161437988281
2026-03-25,310.71649169921875
2026-03-26,311.66290283203125
2026-03-27,311.1274719238281
2026-03-30,310.94366455078125
2026-03-31,313.06829833984375
2026-04-01,312.2655944824219
2026-04-02,312.155517578125
2026-04-03,312.4875183105469
2026-04-06,312.4875183105469
2026-04-07,311.7711486816406
2026-04-08,312.5792541503906
2026-04-09,312.015380859375
2026-04-10,312.1395263671875
2026-04-13,312.1350402832031
2026-04-14,312.26025390625
2026-04-15,312.49603271484375
2026-04-16,312.50982666015625
2026-04-17,312.8644714355469
2026-04-20,314.435302734375
2026-04-21,313.4080505371094
2026-04-22,313.5262756347656
2026-04-23,314.9381103515625
2026-04-24,314.18994140625
2026-04-27,315.2484436035156
2026-04-28,315.92730712890625
2026-04-29,315.69317626953125
2026-04-30,316.609130859375
2026-05-01,316.609130859375
2026-05-04,316.6828308105469
2026-05-05,316.6157531738281
2026-05-06,316.9337158203125
2026-05-07,317.2515563964844
2026-05-08,319.5767517089844
2026-05-11,318.1297912597656
2026-05-12,319.1760559082031
2026-05-13,320.05621337890625
2026-05-14,321.5586242675781
2026-05-15,322.33099365234375
2026-05-18,326.1342468261719
2026-05-19,330.0641174316406
2026-05-20,327.49993896484375
2026-05-21,341.5849609375
2026-05-22,342.3795166015625
2026-05-25,330.27490234375
2026-05-26,320.9801330566406
2026-05-27,322.2262878417969
2026-05-28,329.0234375
2026-05-29,325.3506164550781
2026-06-01,327.0284729003906
2026-06-02,327.9390869140625
2026-06-03,329.4547119140625
2026-06-04,332.4238586425781
2026-06-05,333.9920349121094
2026-06-08,333.5882568359375
2026-06-09,333.79425048828125
2026-06-10,334.3604431152344
2026-06-11,323.6586608886719
2026-06-12,323.5866394042969
2026-06-15,325.74835205078125
2026-06-16,323.10443115234375
2026-06-17,325.75091552734375
2026-06-18,323.665283203125
2026-06-19,324.1230773925781
2026-06-22,324.1864013671875
2026-06-23,324.94171142578125
2026-06-24,325.6053161621094
2026-06-25,327.685546875
2026-06-26,326.541748046875
2026-06-29,326.8331298828125
2026-06-30,326.0984802246094
2026-07-01,325.8931579589844
2026-07-02,326.4265441894531
2026-07-03,325.9991455078125
2026-07-06,325.47735595703125
2026-07-07,324.6778869628906
2026-07-08,325.18603515625
2026-07-09,325.5220642089844
2026-07-10,325.69903564453125
2026-07-13,326.2618713378906
2026-07-14,326.5892028808594
2026-07-15,326.4390869140625
2026-07-16,325.2169494628906
2026-07-17,326.51458740234375
2026-07-20,326.0783996582031
2026-07-21,326.7312927246094
2026-07-22,326.7382507324219
2026-07-23,326.6812744140625
2026-07-24,327.1824645996094
2026-07-27,326.5345458984375
2026-07-28,326.6923522949219
2026-07-29,326.3700256347656
2026-07-30,326.2585754394531
2026-07-31,326.3985900878906
