Season,Unit_Type,District,Gross_Sown_Total,Gross_Harvested_Total,Average_Yield,Nett_Harvested_Extent,Total_Production_MT
2025Yala,Metric,COLOMBO,2012,2012,2584,1710,4419
2025Yala,Metric,GAMPAHA,7037,7031,3129,5976,18700
2025Yala,Metric,KALUTARA,6617,6611,2472,6099,15078
2025Yala,Metric,KANDY,8889,8888,3761,7029,26435
2025Yala,Metric,MATALE,12562,12536,4302,11274,48503
2025Yala,Metric,NUWARAELIYA,2083,2066,3941,1164,4587
2025Yala,Metric,MATARA,9852,9852,3969,7778,30869
2025Yala,Metric,HAMBANTOTA,35731,35721,6017,31209,187772
2025Yala,Metric,KILLINOCHCHI,11317,11317,4719,10042,47395
2025Yala,Metric,BATTICALOA,33111,33111,4745,29224,138654
2025Yala,Metric,AMPARA,64991,64991,5275,62111,327621
2025Yala,Metric,KURUNEGALA,69215,69050,4337,69050,299492
2025Yala,Metric,PUTTALAM,17987,17929,3838,15240,58496
2025Yala,Metric,ANURADHAPURA,82692,82612,5011,66428,332886
2025Yala,Metric,POLONNARUWA,67048,67048,5191,59311,307904
2025Yala,Metric,BADULLA,12411,12410,4440,10549,46834
2025Yala,Metric,MONARAGALA,19299,19299,4199,18913,79415
2025Yala,Metric,RATNAPURA,9897,9809,4820,8337,40186
2024-2025Maha,Metric,COLOMBO,3309,3300,2870,2805,8051
2024-2025Maha,Metric,GAMPAHA,9926,9909,3302,8423,27810
2024-2025Maha,Metric,KALUTARA,9633,9630,2727,8884,24229
2024-2025Maha,Metric,KANDY,11202,11201,3480,8858,30827
2024-2025Maha,Metric,MATALE,17789,17779,4507,15989,72064
2024-2025Maha,Metric,NUWARAELIYA,4374,4357,3188,2455,7826
2024-2025Maha,Metric,MATARA,10811,10809,3479,8534,29671
2024-2025Maha,Metric,HAMBANTOTA,36338,36174,5725,31606,180925
2024-2025Maha,Metric,MANNAR,21105,20829,4776,19887,94978
2024-2025Maha,Metric,VAVUNIYA,23270,22576,3627,21300,77250
2024-2025Maha,Metric,MULATIVU,25637,21617,2927,20395,59691
2024-2025Maha,Metric,KILLINOCHCHI,27862,27806,2514,24675,62033
2024-2025Maha,Metric,BATTICALOA,71537,70292,2526,62040,156727
2024-2025Maha,Metric,AMPARA,81457,74943,3935,71623,281814
2024-2025Maha,Metric,TRINCOMALEE,48319,48319,3905,44888,175283
2024-2025Maha,Metric,KURUNEGALA,81911,81343,3982,81343,323867
2024-2025Maha,Metric,PUTTALAM,20189,19823,3972,16849,66930
2024-2025Maha,Metric,ANURADHAPURA,127517,127203,4263,102284,435988
2024-2025Maha,Metric,POLONNARUWA,70176,69634,4794,61598,295310
2024-2025Maha,Metric,BADULLA,25297,25297,3973,21502,85428
2024-2025Maha,Metric,MONARAGALA,35838,35838,4139,35121,145378
2024-2025Maha,Metric,RATNAPURA,12004,12004,4419,10204,45085
2024Yala,Metric,COLOMBO,1579,1538,1975,1307,2582
2024Yala,Metric,GAMPAHA,6017,5732,2831,4872,13793
2024Yala,Metric,KALUTARA,5965,5939,2694,5478,14759
2024Yala,Metric,KANDY,8846,8840,2859,6990,19995
2024Yala,Metric,MATALE,10669,10669,4500,9595,43178
2024Yala,Metric,NUWARAELIYA,2132,2131,3905,1201,4690
2024Yala,Metric,MATARA,10649,10649,2936,8407,24687
2024Yala,Metric,HAMBANTOTA,35253,35246,5381,30794,165702
2024Yala,Metric,BATTICALOA,33652,33652,3589,29701,106587
2024Yala,Metric,AMPARA,63165,63161,5532,60363,333935
2024Yala,Metric,KURUNEGALA,57102,56697,3708,56696,210243
2024Yala,Metric,PUTTALAM,16094,15190,3609,12911,46600
2024Yala,Metric,ANURADHAPURA,61699,61660,4863,49580,241103
2024Yala,Metric,BADULLA,12193,12177,4992,10351,51667
2024Yala,Metric,MONARAGALA,16459,16420,4334,16091,69742
2024Yala,Metric,RATNAPURA,10331,10331,4566,8781,40096
2023-2024Maha,Metric,COLOMBO,3657,3648,3402,3100,10547
2023-2024Maha,Metric,GAMPAHA,10634,10406,3159,8845,27942
2023-2024Maha,Metric,KALUTARA,11547,11493,3032,10603,32142
2023-2024Maha,Metric,KANDY,12821,12818,3836,10137,38881
2023-2024Maha,Metric,MATALE,18876,18796,4333,16903,73239
2023-2024Maha,Metric,NUWARAELIYA,4527,4524,4238,2549,10804
2023-2024Maha,Metric,MATARA,10376,10201,3158,8054,25432
2023-2024Maha,Metric,HAMBANTOTA,36527,35958,5668,31417,178053
2023-2024Maha,Metric,MANNAR,27982,27982,4327,26717,115602
2023-2024Maha,Metric,VAVUNIYA,23412,22786,3878,21498,83359
2023-2024Maha,Metric,MULATIVU,25642,23074,3009,21771,65506
2023-2024Maha,Metric,KILLINOCHCHI,27861,27817,2005,24684,49494
2023-2024Maha,Metric,BATTICALOA,71539,66991,2410,59127,142522
2023-2024Maha,Metric,AMPARA,81373,71045,3933,67898,267017
2023-2024Maha,Metric,TRINCOMALEE,48483,48483,3409,45040,153558
2023-2024Maha,Metric,KURUNEGALA,75307,74682,3592,74682,268234
2023-2024Maha,Metric,PUTTALAM,20652,19500,3843,16576,63699
2023-2024Maha,Metric,ANURADHAPURA,125501,125271,4637,100730,467075
2023-2024Maha,Metric,POLONNARUWA,69983,69843,4697,61783,290191
2023-2024Maha,Metric,BADULLA,26056,26053,4494,22145,99528
2023-2024Maha,Metric,MONARAGALA,36485,36475,4142,35745,148069
2023-2024Maha,Metric,RATNAPURA,12930,12908,4301,10971,47224
2023Yala,Metric,COLOMBO,2218,2215,2371,1883,4464
2023Yala,Metric,GAMPAHA,8660,8467,2557,7197,18401
2023Yala,Metric,KALUTARA,9132,9115,2487,8408,20913
2023Yala,Metric,KANDY,9900,9861,3762,7798,29335
2023Yala,Metric,MATALE,11757,11566,3976,10402,41359
2023Yala,Metric,NUWARAELIYA,2439,2436,4119,1372,5653
2023Yala,Metric,MATARA,12972,9709,2999,7666,22989
2023Yala,Metric,HAMBANTOTA,34947,32920,5087,28762,146310
2023Yala,Metric,BATTICALOA,33566,33566,3557,29625,105366
2023Yala,Metric,AMPARA,63184,63176,4338,60377,261938
2023Yala,Metric,TRINCOMALEE,28649,28649,4771,26615,126977
2023Yala,Metric,KURUNEGALA,65288,59851,3447,59851,206292
2023Yala,Metric,PUTTALAM,17672,17270,3810,14680,55932
2023Yala,Metric,ANURADHAPURA,65524,64852,4302,52148,224321
2023Yala,Metric,POLONNARUWA,66033,65990,4918,58375,287105
2023Yala,Metric,BADULLA,13199,13176,4554,11200,51003
2023Yala,Metric,MONARAGALA,16561,16490,4026,16160,65066
2023Yala,Metric,RATNAPURA,10487,10424,4195,8861,37169
2022-2023Maha,Metric,COLOMBO,4215,4211,2855,3580,10222
2022-2023Maha,Metric,GAMPAHA,12348,12249,3453,10411,35911
2022-2023Maha,Metric,KALUTARA,13148,13071,2735,12058,32973
2022-2023Maha,Metric,KANDY,13178,13172,3610,10417,37603
2022-2023Maha,Metric,MATALE,20274,20263,4218,18223,76864
2022-2023Maha,Metric,NUWARAELIYA,4960,4953,3905,2791,10898
2022-2023Maha,Metric,MATARA,14567,14463,3406,11418,38884
2022-2023Maha,Metric,HAMBANTOTA,37347,37289,5468,32579,178137
2022-2023Maha,Metric,MANNAR,22117,22113,3497,21113,73839
2022-2023Maha,Metric,VAVUNIYA,23503,23009,2861,21710,62101
2022-2023Maha,Metric,MULATIVU,25652,25652,3152,24203,76274
2022-2023Maha,Metric,KILLINOCHCHI,27883,27512,3258,24414,79545
2022-2023Maha,Metric,BATTICALOA,71433,71433,3088,63047,194671
2022-2023Maha,Metric,AMPARA,80553,79886,4172,76347,318517
2022-2023Maha,Metric,TRINCOMALEE,48603,48574,3138,45126,141623
2022-2023Maha,Metric,KURUNEGALA,78253,77857,3760,77857,292723
2022-2023Maha,Metric,PUTTALAM,19369,19033,3570,16178,57756
2022-2023Maha,Metric,ANURADHAPURA,118818,117357,3849,94367,363239
2022-2023Maha,Metric,POLONNARUWA,69487,69449,4416,61434,271313
2022-2023Maha,Metric,BADULLA,25766,25751,3662,21889,80152
2022-2023Maha,Metric,MONARAGALA,35628,35573,4003,34861,139548
2022-2023Maha,Metric,RATNAPURA,14641,14598,3761,12409,46666
2022Yala,Metric,COLOMBO,2880,2880,2207,2448,5412
2022Yala,Metric,GAMPAHA,9850,9836,2493,8360,20844
2022Yala,Metric,KALUTARA,10765,10661,2330,9834,22915
2022Yala,Metric,KANDY,10090,10089,3227,7978,25743
2022Yala,Metric,MATALE,12716,12683,2768,11406,31577
2022Yala,Metric,NUWARAELIYA,2873,2871,3704,1618,5993
2022Yala,Metric,GALLE,10615,10422,2194,8155,17896
2022Yala,Metric,MATARA,13321,13072,2730,10320,28178
2022Yala,Metric,HAMBANTOTA,33031,33003,4612,28834,132995
2022Yala,Metric,BATTICALOA,28696,28696,2950,25327,74720
2022Yala,Metric,AMPARA,62686,62644,3708,59869,221999
2022Yala,Metric,TRINCOMALEE,24491,24491,4026,22752,91605
2022Yala,Metric,KURUNEGALA,56830,56581,2775,56580,157003
2022Yala,Metric,PUTTALAM,13408,13308,2755,11312,31158
2022Yala,Metric,ANURADHAPURA,59918,59832,3248,48111,156283
2022Yala,Metric,BADULLA,12594,12593,3349,10704,35851
2022Yala,Metric,MONARAGALA,15571,15437,3414,15129,51654
2022Yala,Metric,RATNAPURA,11610,11522,3356,9793,32865
2021-2022Maha,Metric,COLOMBO,3830,3811,2521,3239,8166
2021-2022Maha,Metric,GAMPAHA,11511,11202,2842,9522,27059
2021-2022Maha,Metric,KALUTARA,11939,11566,2563,10669,27349
2021-2022Maha,Metric,KANDY,12211,12201,3235,9649,31211
2021-2022Maha,Metric,MATALE,19992,19920,3339,17914,59812
2021-2022Maha,Metric,NUWARAELIYA,5044,5034,3922,2836,11126
2021-2022Maha,Metric,GALLE,11235,10921,2514,8546,21486
2021-2022Maha,Metric,MATARA,13685,13178,2764,10404,28761
2021-2022Maha,Metric,HAMBANTOTA,36104,36007,3969,31459,124870
2021-2022Maha,Metric,MANNAR,20466,20171,2662,19259,51276
2021-2022Maha,Metric,VAVUNIYA,18859,18859,2373,17793,42222
2021-2022Maha,Metric,MULATIVU,19990,19828,2305,18707,43110
2021-2022Maha,Metric,KILLINOCHCHI,27403,27403,2485,24317,60417
2021-2022Maha,Metric,BATTICALOA,66520,66520,1639,58711,96253
2021-2022Maha,Metric,AMPARA,82442,81230,2857,77631,221529
2021-2022Maha,Metric,TRINCOMALEE,39650,39629,2662,36815,98005
2021-2022Maha,Metric,KURUNEGALA,81454,80609,3229,80609,260302
2021-2022Maha,Metric,PUTTALAM,20930,19478,2415,16557,39985
2021-2022Maha,Metric,ANURADHAPURA,116969,116565,2873,93730,260448
2021-2022Maha,Metric,POLONNARUWA,66536,66536,3103,58858,182628
2021-2022Maha,Metric,BADULLA,24195,24185,3027,20557,62221
2021-2022Maha,Metric,MONARAGALA,34361,34188,2987,33504,100062
2021-2022Maha,Metric,RATNAPURA,13092,13041,3365,11085,37299
2025Yala,Metric,COLOMBO,2012,2012,2584,1710,4419
2025Yala,Metric,GAMPAHA,7037,7031,3129,5976,18700
2025Yala,Metric,KALUTARA,6617,6611,2472,6099,15078
2025Yala,Metric,KANDY,8889,8888,3761,7029,26435
2025Yala,Metric,MATALE,12562,12536,4302,11274,48503
2025Yala,Metric,NUWARAELIYA,2083,2066,3941,1164,4587
2025Yala,Metric,MATARA,9852,9852,3969,7778,30869
2025Yala,Metric,HAMBANTOTA,35731,35721,6017,31209,187772
2025Yala,Metric,KILLINOCHCHI,11317,11317,4719,10042,47395
2025Yala,Metric,BATTICALOA,33111,33111,4745,29224,138654
2025Yala,Metric,AMPARA,64991,64991,5275,62111,327621
2025Yala,Metric,KURUNEGALA,69215,69050,4337,69050,299492
2025Yala,Metric,PUTTALAM,17987,17929,3838,15240,58496
2025Yala,Metric,ANURADHAPURA,82692,82612,5011,66428,332886
2025Yala,Metric,POLONNARUWA,67048,67048,5191,59311,307904
2025Yala,Metric,BADULLA,12411,12410,4440,10549,46834
2025Yala,Metric,MONARAGALA,19299,19299,4199,18913,79415
2025Yala,Metric,RATNAPURA,9897,9809,4820,8337,40186
2024-2025Maha,Metric,COLOMBO,3309,3300,2870,2805,8051
2024-2025Maha,Metric,GAMPAHA,9926,9909,3302,8423,27810
2024-2025Maha,Metric,KALUTARA,9633,9630,2727,8884,24229
2024-2025Maha,Metric,KANDY,11202,11201,3480,8858,30827
2024-2025Maha,Metric,MATALE,17789,17779,4507,15989,72064
2024-2025Maha,Metric,NUWARAELIYA,4374,4357,3188,2455,7826
2024-2025Maha,Metric,MATARA,10811,10809,3479,8534,29671
2024-2025Maha,Metric,HAMBANTOTA,36338,36174,5725,31606,180925
2024-2025Maha,Metric,MANNAR,21105,20829,4776,19887,94978
2024-2025Maha,Metric,VAVUNIYA,23270,22576,3627,21300,77250
2024-2025Maha,Metric,MULATIVU,25637,21617,2927,20395,59691
2024-2025Maha,Metric,KILLINOCHCHI,27862,27806,2514,24675,62033
2024-2025Maha,Metric,BATTICALOA,71537,70292,2526,62040,156727
2024-2025Maha,Metric,AMPARA,81457,74943,3935,71623,281814
2024-2025Maha,Metric,TRINCOMALEE,48319,48319,3905,44888,175283
2024-2025Maha,Metric,KURUNEGALA,81911,81343,3982,81343,323867
2024-2025Maha,Metric,PUTTALAM,20189,19823,3972,16849,66930
2024-2025Maha,Metric,ANURADHAPURA,127517,127203,4263,102284,435988
2024-2025Maha,Metric,POLONNARUWA,70176,69634,4794,61598,295310
2024-2025Maha,Metric,BADULLA,25297,25297,3973,21502,85428
2024-2025Maha,Metric,MONARAGALA,35838,35838,4139,35121,145378
2024-2025Maha,Metric,RATNAPURA,12004,12004,4419,10204,45085
2024Yala,Metric,COLOMBO,1579,1538,1975,1307,2582
2024Yala,Metric,GAMPAHA,6017,5732,2831,4872,13793
2024Yala,Metric,KALUTARA,5965,5939,2694,5478,14759
2024Yala,Metric,KANDY,8846,8840,2859,6990,19995
2024Yala,Metric,MATALE,10669,10669,4500,9595,43178
2024Yala,Metric,NUWARAELIYA,2132,2131,3905,1201,4690
2024Yala,Metric,MATARA,10649,10649,2936,8407,24687
2024Yala,Metric,HAMBANTOTA,35253,35246,5381,30794,165702
2024Yala,Metric,BATTICALOA,33652,33652,3589,29701,106587
2024Yala,Metric,AMPARA,63165,63161,5532,60363,333935
2024Yala,Metric,KURUNEGALA,57102,56697,3708,56696,210243
2024Yala,Metric,PUTTALAM,16094,15190,3609,12911,46600
2024Yala,Metric,ANURADHAPURA,61699,61660,4863,49580,241103
2024Yala,Metric,BADULLA,12193,12177,4992,10351,51667
2024Yala,Metric,MONARAGALA,16459,16420,4334,16091,69742
2024Yala,Metric,RATNAPURA,10331,10331,4566,8781,40096
2023-2024Maha,Metric,COLOMBO,3657,3648,3402,3100,10547
2023-2024Maha,Metric,GAMPAHA,10634,10406,3159,8845,27942
2023-2024Maha,Metric,KALUTARA,11547,11493,3032,10603,32142
2023-2024Maha,Metric,KANDY,12821,12818,3836,10137,38881
2023-2024Maha,Metric,MATALE,18876,18796,4333,16903,73239
2023-2024Maha,Metric,NUWARAELIYA,4527,4524,4238,2549,10804
2023-2024Maha,Metric,MATARA,10376,10201,3158,8054,25432
2023-2024Maha,Metric,HAMBANTOTA,36527,35958,5668,31417,178053
2023-2024Maha,Metric,MANNAR,27982,27982,4327,26717,115602
2023-2024Maha,Metric,VAVUNIYA,23412,22786,3878,21498,83359
2023-2024Maha,Metric,MULATIVU,25642,23074,3009,21771,65506
2023-2024Maha,Metric,KILLINOCHCHI,27861,27817,2005,24684,49494
2023-2024Maha,Metric,BATTICALOA,71539,66991,2410,59127,142522
2023-2024Maha,Metric,AMPARA,81373,71045,3933,67898,267017
2023-2024Maha,Metric,TRINCOMALEE,48483,48483,3409,45040,153558
2023-2024Maha,Metric,KURUNEGALA,75307,74682,3592,74682,268234
2023-2024Maha,Metric,PUTTALAM,20652,19500,3843,16576,63699
2023-2024Maha,Metric,ANURADHAPURA,125501,125271,4637,100730,467075
2023-2024Maha,Metric,POLONNARUWA,69983,69843,4697,61783,290191
2023-2024Maha,Metric,BADULLA,26056,26053,4494,22145,99528
2023-2024Maha,Metric,MONARAGALA,36485,36475,4142,35745,148069
2023-2024Maha,Metric,RATNAPURA,12930,12908,4301,10971,47224
2023Yala,Metric,COLOMBO,2218,2215,2371,1883,4464
2023Yala,Metric,GAMPAHA,8660,8467,2557,7197,18401
2023Yala,Metric,KALUTARA,9132,9115,2487,8408,20913
2023Yala,Metric,KANDY,9900,9861,3762,7798,29335
2023Yala,Metric,MATALE,11757,11566,3976,10402,41359
2023Yala,Metric,NUWARAELIYA,2439,2436,4119,1372,5653
2023Yala,Metric,MATARA,12972,9709,2999,7666,22989
2023Yala,Metric,HAMBANTOTA,34947,32920,5087,28762,146310
2023Yala,Metric,BATTICALOA,33566,33566,3557,29625,105366
2023Yala,Metric,AMPARA,63184,63176,4338,60377,261938
2023Yala,Metric,TRINCOMALEE,28649,28649,4771,26615,126977
2023Yala,Metric,KURUNEGALA,65288,59851,3447,59851,206292
2023Yala,Metric,PUTTALAM,17672,17270,3810,14680,55932
2023Yala,Metric,ANURADHAPURA,65524,64852,4302,52148,224321
2023Yala,Metric,POLONNARUWA,66033,65990,4918,58375,287105
2023Yala,Metric,BADULLA,13199,13176,4554,11200,51003
2023Yala,Metric,MONARAGALA,16561,16490,4026,16160,65066
2023Yala,Metric,RATNAPURA,10487,10424,4195,8861,37169
2022-2023Maha,Metric,COLOMBO,4215,4211,2855,3580,10222
2022-2023Maha,Metric,GAMPAHA,12348,12249,3453,10411,35911
2022-2023Maha,Metric,KALUTARA,13148,13071,2735,12058,32973
2022-2023Maha,Metric,KANDY,13178,13172,3610,10417,37603
2022-2023Maha,Metric,MATALE,20274,20263,4218,18223,76864
2022-2023Maha,Metric,NUWARAELIYA,4960,4953,3905,2791,10898
2022-2023Maha,Metric,MATARA,14567,14463,3406,11418,38884
2022-2023Maha,Metric,HAMBANTOTA,37347,37289,5468,32579,178137
2022-2023Maha,Metric,MANNAR,22117,22113,3497,21113,73839
2022-2023Maha,Metric,VAVUNIYA,23503,23009,2861,21710,62101
2022-2023Maha,Metric,MULATIVU,25652,25652,3152,24203,76274
2022-2023Maha,Metric,KILLINOCHCHI,27883,27512,3258,24414,79545
2022-2023Maha,Metric,BATTICALOA,71433,71433,3088,63047,194671
2022-2023Maha,Metric,AMPARA,80553,79886,4172,76347,318517
2022-2023Maha,Metric,TRINCOMALEE,48603,48574,3138,45126,141623
2022-2023Maha,Metric,KURUNEGALA,78253,77857,3760,77857,292723
2022-2023Maha,Metric,PUTTALAM,19369,19033,3570,16178,57756
2022-2023Maha,Metric,ANURADHAPURA,118818,117357,3849,94367,363239
2022-2023Maha,Metric,POLONNARUWA,69487,69449,4416,61434,271313
2022-2023Maha,Metric,BADULLA,25766,25751,3662,21889,80152
2022-2023Maha,Metric,MONARAGALA,35628,35573,4003,34861,139548
2022-2023Maha,Metric,RATNAPURA,14641,14598,3761,12409,46666
2022Yala,Metric,COLOMBO,2880,2880,2207,2448,5412
2022Yala,Metric,GAMPAHA,9850,9836,2493,8360,20844
2022Yala,Metric,KALUTARA,10765,10661,2330,9834,22915
2022Yala,Metric,KANDY,10090,10089,3227,7978,25743
2022Yala,Metric,MATALE,12716,12683,2768,11406,31577
2022Yala,Metric,NUWARAELIYA,2873,2871,3704,1618,5993
2022Yala,Metric,GALLE,10615,10422,2194,8155,17896
2022Yala,Metric,MATARA,13321,13072,2730,10320,28178
2022Yala,Metric,HAMBANTOTA,33031,33003,4612,28834,132995
2022Yala,Metric,BATTICALOA,28696,28696,2950,25327,74720
2022Yala,Metric,AMPARA,62686,62644,3708,59869,221999
2022Yala,Metric,TRINCOMALEE,24491,24491,4026,22752,91605
2022Yala,Metric,KURUNEGALA,56830,56581,2775,56580,157003
2022Yala,Metric,PUTTALAM,13408,13308,2755,11312,31158
2022Yala,Metric,ANURADHAPURA,59918,59832,3248,48111,156283
2022Yala,Metric,BADULLA,12594,12593,3349,10704,35851
2022Yala,Metric,MONARAGALA,15571,15437,3414,15129,51654
2022Yala,Metric,RATNAPURA,11610,11522,3356,9793,32865
2021-2022Maha,Metric,COLOMBO,3830,3811,2521,3239,8166
2021-2022Maha,Metric,GAMPAHA,11511,11202,2842,9522,27059
2021-2022Maha,Metric,KALUTARA,11939,11566,2563,10669,27349
2021-2022Maha,Metric,KANDY,12211,12201,3235,9649,31211
2021-2022Maha,Metric,MATALE,19992,19920,3339,17914,59812
2021-2022Maha,Metric,NUWARAELIYA,5044,5034,3922,2836,11126
2021-2022Maha,Metric,GALLE,11235,10921,2514,8546,21486
2021-2022Maha,Metric,MATARA,13685,13178,2764,10404,28761
2021-2022Maha,Metric,HAMBANTOTA,36104,36007,3969,31459,124870
2021-2022Maha,Metric,MANNAR,20466,20171,2662,19259,51276
2021-2022Maha,Metric,VAVUNIYA,18859,18859,2373,17793,42222
2021-2022Maha,Metric,MULATIVU,19990,19828,2305,18707,43110
2021-2022Maha,Metric,KILLINOCHCHI,27403,27403,2485,24317,60417
2021-2022Maha,Metric,BATTICALOA,66520,66520,1639,58711,96253
2021-2022Maha,Metric,AMPARA,82442,81230,2857,77631,221529
2021-2022Maha,Metric,TRINCOMALEE,39650,39629,2662,36815,98005
2021-2022Maha,Metric,KURUNEGALA,81454,80609,3229,80609,260302
2021-2022Maha,Metric,PUTTALAM,20930,19478,2415,16557,39985
2021-2022Maha,Metric,ANURADHAPURA,116969,116565,2873,93730,260448
2021-2022Maha,Metric,POLONNARUWA,66536,66536,3103,58858,182628
2021-2022Maha,Metric,BADULLA,24195,24185,3027,20557,62221
2021-2022Maha,Metric,MONARAGALA,34361,34188,2987,33504,100062
2021-2022Maha,Metric,RATNAPURA,13092,13041,3365,11085,37299
2021Yala,Metric,COLOMBO,2521,2348,2455,1996,4899
2021Yala,Metric,GAMPAHA,9954,8492,2991,7218,21588
2021Yala,Metric,KALUTARA,9766,9429,3048,8698,26515
2021Yala,Metric,KANDY,9278,9256,2945,7320,21559
2021Yala,Metric,MATALE,12343,12325,4639,11084,51415
2021Yala,Metric,GALLE,8548,8326,2897,6515,18873
2021Yala,Metric,MATARA,14082,13862,3727,10944,40787
2021Yala,Metric,HAMBANTOTA,34490,34490,5814,30134,175190
2021Yala,Metric,BATTICALOA,28502,28502,4665,25156,117353
2021Yala,Metric,AMPARA,62860,62776,5229,59995,313708
2021Yala,Metric,TRINCOMALEE,25239,25239,5267,23447,123491
2021Yala,Metric,KURUNEGALA,68573,67988,4024,67988,273572
2021Yala,Metric,PUTTALAM,18602,17491,3950,14868,58728
2021Yala,Metric,ANURADHAPURA,62104,62017,4691,49868,233948
2021Yala,Metric,BADULLA,12098,12098,5088,10284,52327
2021Yala,Metric,MONARAGALA,15852,15759,5034,15444,77752
2021Yala,Metric,RATNAPURA,10773,10743,4119,9131,37617
2020-2021Maha,Metric,COLOMBO,3857,3855,3723,3276,12198
2020-2021Maha,Metric,GAMPAHA,12450,12356,3751,10502,39390
2020-2021Maha,Metric,KALUTARA,13019,12910,3358,11910,39990
2020-2021Maha,Metric,KANDY,12186,12184,4720,9635,45478
2020-2021Maha,Metric,MATALE,18908,18882,5669,16980,96263
2020-2021Maha,Metric,NUWARAELIYA,4877,4877,5020,2748,13798
2020-2021Maha,Metric,GALLE,13511,13346,3403,10444,35538
2020-2021Maha,Metric,MATARA,14114,13929,3585,10997,39430
2020-2021Maha,Metric,HAMBANTOTA,34912,34890,5883,30483,179336
2020-2021Maha,Metric,MANNAR,20242,20144,5228,19234,100561
2020-2021Maha,Metric,VAVUNIYA,19376,19262,4253,18174,77297
2020-2021Maha,Metric,MULATIVU,22781,22744,4266,21459,91546
2020-2021Maha,Metric,KILLINOCHCHI,27358,27358,3500,24277,84963
2020-2021Maha,Metric,BATTICALOA,67074,65630,3809,57925,220640
2020-2021Maha,Metric,AMPARA,81149,79932,4780,76391,365123
2020-2021Maha,Metric,TRINCOMALEE,39838,39838,4250,37009,157272
2020-2021Maha,Metric,KURUNEGALA,76057,75634,3775,75634,285481
2020-2021Maha,Metric,PUTTALAM,19654,19234,3746,16348,61240
2020-2021Maha,Metric,ANURADHAPURA,112549,112366,5098,90353,460585
2020-2021Maha,Metric,POLONNARUWA,66523,66523,5220,58846,307190
2020-2021Maha,Metric,BADULLA,23568,23568,4859,20033,97344
2020-2021Maha,Metric,MONARAGALA,34900,34214,4599,33530,154218
2020-2021Maha,Metric,RATNAPURA,13358,13351,4465,11348,50666
2020Yala,Metric,COLOMBO,3219,3219,3281,2736,8976
2020Yala,Metric,GAMPAHA,10444,10000,3445,8500,29283
2020Yala,Metric,KALUTARA,11653,11592,3380,10694,36149
2020Yala,Metric,KANDY,8837,8803,4099,6961,28536
2020Yala,Metric,MATALE,8221,8209,5034,7382,37161
2020Yala,Metric,NUWARAELIYA,4406,4406,4512,2483,11201
2020Yala,Metric,GALLE,11551,10915,2837,8542,24233
2020Yala,Metric,MATARA,13913,13499,3573,10658,38084
2020Yala,Metric,HAMBANTOTA,34167,34161,5986,29846,178647
2020Yala,Metric,VAVUNIYA,1473,1472,5520,1388,7663
2020Yala,Metric,BATTICALOA,28955,28943,4582,25545,117059
2020Yala,Metric,AMPARA,61295,60708,5003,58018,290263
2020Yala,Metric,TRINCOMALEE,22112,22112,5268,20542,108222
2020Yala,Metric,KURUNEGALA,58127,56531,4397,56531,248546
2020Yala,Metric,PUTTALAM,15182,14263,4343,12123,52656
2020Yala,Metric,ANURADHAPURA,39334,39258,4936,31567,155805
2020Yala,Metric,BADULLA,11663,11639,4973,9893,49200
2020Yala,Metric,MONARAGALA,14400,14185,4922,13902,68422
2020Yala,Metric,RATNAPURA,11462,11324,4403,9626,42382
2019-2020Maha,Metric,COLOMBO,2864,2864,3521,2434,8571
2019-2020Maha,Metric,GAMPAHA,9714,9562,4240,8128,34460
2019-2020Maha,Metric,KALUTARA,9556,9491,3641,8756,31876
2019-2020Maha,Metric,KANDY,11004,10994,4422,8694,38440
2019-2020Maha,Metric,MATALE,18457,18386,5316,16534,87897
2019-2020Maha,Metric,NUWARAELIYA,1734,1734,3608,977,3525
2019-2020Maha,Metric,GALLE,7948,7938,3980,6213,24728
2019-2020Maha,Metric,MATARA,11746,11596,3886,9155,35581
2019-2020Maha,Metric,HAMBANTOTA,34978,34933,6302,30521,192353
2019-2020Maha,Metric,MANNAR,19368,19368,4827,18492,89263
2019-2020Maha,Metric,VAVUNIYA,19241,19117,4951,18036,89294
2019-2020Maha,Metric,MULATIVU,18259,18259,4644,17228,80008
2019-2020Maha,Metric,KILLINOCHCHI,27165,27165,4158,24106,100224
2019-2020Maha,Metric,BATTICALOA,66996,61245,3783,54055,204489
2019-2020Maha,Metric,AMPARA,79417,76794,4764,73392,349626
2019-2020Maha,Metric,TRINCOMALEE,38285,38285,4375,35567,155592
2019-2020Maha,Metric,KURUNEGALA,82479,82011,4732,82011,388043
2019-2020Maha,Metric,PUTTALAM,20563,19588,4652,16649,77449
2019-2020Maha,Metric,ANURADHAPURA,118902,118329,5574,95148,530356
2019-2020Maha,Metric,POLONNARUWA,67016,66594,5404,58909,318352
2019-2020Maha,Metric,BADULLA,25642,25642,4405,21795,96017
2019-2020Maha,Metric,MONARAGALA,34356,33654,4796,32981,158159
2019-2020Maha,Metric,RATNAPURA,10756,10738,5097,9127,46521
2019Yala,Metric,COLOMBO,892,788,3064,670,2054
2019Yala,Metric,GAMPAHA,5500,4183,3250,3556,11555
2019Yala,Metric,KALUTARA,5076,4742,2857,4375,12502
2019Yala,Metric,KANDY,5858,5817,3399,4599,15632
2019Yala,Metric,MATALE,4621,4492,5259,4040,21247
2019Yala,Metric,GALLE,3333,2670,3012,2090,6295
2019Yala,Metric,MATARA,11306,8750,3240,6908,22383
2019Yala,Metric,HAMBANTOTA,32702,32195,5726,28129,161070
2019Yala,Metric,BATTICALOA,27444,24505,3683,21627,79649
2019Yala,Metric,AMPARA,56055,55117,5377,52675,283226
2019Yala,Metric,KURUNEGALA,39148,30764,4015,30763,123518
2019Yala,Metric,PUTTALAM,8460,7161,4479,6087,27262
2019Yala,Metric,ANURADHAPURA,33412,32091,5119,25805,132103
2019Yala,Metric,BADULLA,11270,10988,5120,9340,47817
2019Yala,Metric,MONARAGALA,14146,13187,5122,12924,66200
2019Yala,Metric,RATNAPURA,7349,7184,4834,6106,29516
2018-2019Maha,Metric,COLOMBO,3232,3232,3509,2747,9638
2018-2019Maha,Metric,GAMPAHA,10344,10091,3717,8577,31882
2018-2019Maha,Metric,KALUTARA,10297,10292,3642,9494,34573
2018-2019Maha,Metric,KANDY,11112,11072,4289,8755,37554
2018-2019Maha,Metric,MATALE,19115,18847,5260,16950,89147
2018-2019Maha,Metric,NUWARAELIYA,4660,4660,4998,2626,13124
2018-2019Maha,Metric,GALLE,8313,8308,3247,6502,21112
2018-2019Maha,Metric,MATARA,12950,12801,4160,10106,42043
2018-2019Maha,Metric,HAMBANTOTA,34164,34141,6622,29829,197527
2018-2019Maha,Metric,MANNAR,19267,19267,5112,18396,94045
2018-2019Maha,Metric,VAVUNIYA,19207,18296,5594,17262,96567
2018-2019Maha,Metric,MULATIVU,16617,10978,4915,10357,50907
2018-2019Maha,Metric,KILLINOCHCHI,26765,26168,3599,23221,83563
2018-2019Maha,Metric,BATTICALOA,67214,67214,3206,59323,190167
2018-2019Maha,Metric,AMPARA,79982,76360,5030,72976,367085
2018-2019Maha,Metric,TRINCOMALEE,38587,38468,4241,35737,151555
2018-2019Maha,Metric,KURUNEGALA,80370,80075,4711,80076,377199
2018-2019Maha,Metric,PUTTALAM,20681,20393,4584,17334,79462
2018-2019Maha,Metric,ANURADHAPURA,109813,109254,5414,87851,475637
2018-2019Maha,Metric,POLONNARUWA,65970,65188,5075,57666,292645
2018-2019Maha,Metric,BADULLA,25670,25615,4708,21773,102511
2018-2019Maha,Metric,MONARAGALA,36044,26180,4911,25656,125995
2018-2019Maha,Metric,RATNAPURA,11175,11159,4688,9486,44475
2018Yala,Metric,COLOMBO,1175,1174,3259,997,3250
2018Yala,Metric,GAMPAHA,6163,5766,3210,4901,15735
2018Yala,Metric,KALUTARA,6178,6108,3034,5634,17096
2018Yala,Metric,KANDY,6389,6332,4197,5007,21014
2018Yala,Metric,MATALE,7967,7713,4561,6936,31633
2018Yala,Metric,NUWARAELIYA,2522,2505,4041,1411,5703
2018Yala,Metric,GALLE,3945,3944,3204,3087,9893
2018Yala,Metric,MATARA,12223,12062,3866,9523,36814
2018Yala,Metric,HAMBANTOTA,24771,24695,6252,21577,134904
2018Yala,Metric,BATTICALOA,25655,25655,4104,22643,92926
2018Yala,Metric,AMPARA,44262,41927,4840,40070,193924
2018Yala,Metric,TRINCOMALEE,20353,20353,4994,18909,94434
2018Yala,Metric,KURUNEGALA,50261,46830,3899,46830,182575
2018Yala,Metric,PUTTALAM,13001,12081,4524,10269,46454
2018Yala,Metric,ANURADHAPURA,21241,20250,5262,16283,85691
2018Yala,Metric,POLONNARUWA,61559,59865,5070,52957,268472
2018Yala,Metric,BADULLA,10810,10799,4673,9179,42893
2018Yala,Metric,MONARAGALA,12820,12578,3684,12326,45405
2018Yala,Metric,RATNAPURA,7293,7265,4042,6176,24963
2017-2018Maha,Metric,COLOMBO,3183,3183,3458,2705,9354
2017-2018Maha,Metric,GAMPAHA,10648,10516,3782,8939,33805
2017-2018Maha,Metric,KALUTARA,11084,11039,3349,10184,34107
2017-2018Maha,Metric,KANDY,11035,10842,3851,8574,33019
2017-2018Maha,Metric,MATALE,16880,15966,4690,14359,67348
2017-2018Maha,Metric,NUWARAELIYA,4705,4704,3417,2651,9058
2017-2018Maha,Metric,GALLE,10775,10725,2986,8393,25059
2017-2018Maha,Metric,MATARA,13488,13447,3808,10617,40425
2017-2018Maha,Metric,HAMBANTOTA,34695,34695,5773,30313,174989
2017-2018Maha,Metric,MANNAR,19405,18225,4487,17401,78071
2017-2018Maha,Metric,VAVUNIYA,12905,8803,4223,8305,35071
2017-2018Maha,Metric,MULATIVU,19785,14711,3963,13879,55005
2017-2018Maha,Metric,KILLINOCHCHI,26760,24468,4213,21713,91484
2017-2018Maha,Metric,BATTICALOA,64796,64796,3100,57189,177289
2017-2018Maha,Metric,AMPARA,81293,76324,4562,72943,332767
2017-2018Maha,Metric,TRINCOMALEE,38952,38007,4083,35308,144171
2017-2018Maha,Metric,KURUNEGALA,47616,42541,4418,42541,187951
2017-2018Maha,Metric,PUTTALAM,5880,5179,4163,4402,18322
2017-2018Maha,Metric,ANURADHAPURA,59558,47701,4414,38357,169316
2017-2018Maha,Metric,POLONNARUWA,65403,64677,4848,57214,277349
2017-2018Maha,Metric,BADULLA,20252,19514,4340,16587,71989
2017-2018Maha,Metric,MONARAGALA,36373,29727,4123,29131,120120
2017-2018Maha,Metric,RATNAPURA,10000,9956,3519,8462,29775
2017Yala,Metric,COLOMBO,946,908,2720,772,2099
2017Yala,Metric,GAMPAHA,2728,2596,2672,2206,5895
2017Yala,Metric,KALUTARA,5785,5635,3228,5199,16778
2017Yala,Metric,KANDY,6277,6219,4162,4918,20468
2017Yala,Metric,MATALE,5457,5138,4277,4620,19762
2017Yala,Metric,NUWARAELIYA,1142,1142,3619,644,2329
2017Yala,Metric,MATARA,11921,11636,3491,9188,32078
2017Yala,Metric,HAMBANTOTA,20967,20772,5348,18149,97050
2017Yala,Metric,BATTICALOA,24211,22211,3431,19603,67263
2017Yala,Metric,AMPARA,46302,45937,4251,43902,186647
2017Yala,Metric,KURUNEGALA,15824,9728,3940,9728,38332
2017Yala,Metric,PUTTALAM,2463,981,4024,834,3356
2017Yala,Metric,ANURADHAPURA,8525,8272,3909,6652,26004
2017Yala,Metric,POLONNARUWA,40882,40228,4878,35585,173595
2017Yala,Metric,BADULLA,8668,8661,4434,7363,32648
2017Yala,Metric,MONARAGALA,9900,9727,4502,9532,42911
2017Yala,Metric,RATNAPURA,6070,5960,3267,5066,16549
2016-2017Maha,Metric,COLOMBO,2242,2241,3437,1905,6546
2016-2017Maha,Metric,GAMPAHA,7932,4998,3340,4248,14187
2016-2017Maha,Metric,KALUTARA,8838,8834,3565,8149,29051
2016-2017Maha,Metric,KANDY,8560,8300,4377,6563,28730
2016-2017Maha,Metric,MATALE,9349,8048,4523,7237,32734
2016-2017Maha,Metric,NUWARAELIYA,4322,4322,3897,2435,9490
2016-2017Maha,Metric,GALLE,8118,8087,3543,6328,22423
2016-2017Maha,Metric,MATARA,11579,11509,4584,9087,41652
2016-2017Maha,Metric,HAMBANTOTA,22011,21750,5253,19003,99825
2016-2017Maha,Metric,VAVUNIYA,11015,5401,4334,5095,22083
2016-2017Maha,Metric,MULATIVU,15662,5767,2957,5441,16087
2016-2017Maha,Metric,KILLINOCHCHI,24956,15063,3983,13366,53241
2016-2017Maha,Metric,BATTICALOA,62836,36866,2516,32537,81878
2016-2017Maha,Metric,TRINCOMALEE,29236,18375,4356,17071,74365
2016-2017Maha,Metric,KURUNEGALA,46788,18481,4540,18481,83898
2016-2017Maha,Metric,PUTTALAM,11536,6777,3625,5761,20885
2016-2017Maha,Metric,ANURADHAPURA,37853,19736,4608,15870,73127
2016-2017Maha,Metric,BADULLA,19793,18009,4401,15308,67366
2016-2017Maha,Metric,MONARAGALA,25680,12625,3922,12371,48526
2016-2017Maha,Metric,RATNAPURA,7955,7749,3697,6587,24353
2016Yala,Metric,COLOMBO,402,398,2567,338,869
2016Yala,Metric,GAMPAHA,1903,1875,2703,1594,4308
2016Yala,Metric,KALUTARA,2799,2786,2954,2570,7592
2016Yala,Metric,KANDY,7565,7552,3533,5973,21103
2016Yala,Metric,MATALE,7414,7364,4886,6623,32359
2016Yala,Metric,NUWARAELIYA,2017,2015,3297,1135,3744
2016Yala,Metric,MATARA,6404,6334,3719,5000,18597
2016Yala,Metric,HAMBANTOTA,22444,22042,5259,19258,101267
2016Yala,Metric,BATTICALOA,27360,27330,3536,24122,85305
2016Yala,Metric,AMPARA,64004,64003,4766,61167,291520
2016Yala,Metric,KURUNEGALA,50190,49356,3537,49357,174599
2016Yala,Metric,PUTTALAM,14150,13569,3282,11533,37850
2016Yala,Metric,ANURADHAPURA,38701,38223,4295,30735,131995
2016Yala,Metric,BADULLA,12679,12679,4415,10778,47583
2016Yala,Metric,MONARAGALA,9405,9384,4363,9196,40121
2016Yala,Metric,RATNAPURA,6205,6132,4172,5212,21745
2025Yala,Metric,COLOMBO,2012,2012,2584,1710,4419
2025Yala,Metric,GAMPAHA,7037,7031,3129,5976,18700
2025Yala,Metric,KALUTARA,6617,6611,2472,6099,15078
2025Yala,Metric,KANDY,8889,8888,3761,7029,26435
2025Yala,Metric,MATALE,12562,12536,4302,11274,48503
2025Yala,Metric,NUWARAELIYA,2083,2066,3941,1164,4587
2025Yala,Metric,MATARA,9852,9852,3969,7778,30869
2025Yala,Metric,HAMBANTOTA,35731,35721,6017,31209,187772
2025Yala,Metric,KILLINOCHCHI,11317,11317,4719,10042,47395
2025Yala,Metric,BATTICALOA,33111,33111,4745,29224,138654
2025Yala,Metric,AMPARA,64991,64991,5275,62111,327621
2025Yala,Metric,KURUNEGALA,69215,69050,4337,69050,299492
2025Yala,Metric,PUTTALAM,17987,17929,3838,15240,58496
2025Yala,Metric,ANURADHAPURA,82692,82612,5011,66428,332886
2025Yala,Metric,POLONNARUWA,67048,67048,5191,59311,307904
2025Yala,Metric,BADULLA,12411,12410,4440,10549,46834
2025Yala,Metric,MONARAGALA,19299,19299,4199,18913,79415
2025Yala,Metric,RATNAPURA,9897,9809,4820,8337,40186
2024-2025Maha,Metric,COLOMBO,3309,3300,2870,2805,8051
2024-2025Maha,Metric,GAMPAHA,9926,9909,3302,8423,27810
2024-2025Maha,Metric,KALUTARA,9633,9630,2727,8884,24229
2024-2025Maha,Metric,KANDY,11202,11201,3480,8858,30827
2024-2025Maha,Metric,MATALE,17789,17779,4507,15989,72064
2024-2025Maha,Metric,NUWARAELIYA,4374,4357,3188,2455,7826
2024-2025Maha,Metric,MATARA,10811,10809,3479,8534,29671
2024-2025Maha,Metric,HAMBANTOTA,36338,36174,5725,31606,180925
2024-2025Maha,Metric,MANNAR,21105,20829,4776,19887,94978
2024-2025Maha,Metric,VAVUNIYA,23270,22576,3627,21300,77250
2024-2025Maha,Metric,MULATIVU,25637,21617,2927,20395,59691
2024-2025Maha,Metric,KILLINOCHCHI,27862,27806,2514,24675,62033
2024-2025Maha,Metric,BATTICALOA,71537,70292,2526,62040,156727
2024-2025Maha,Metric,AMPARA,81457,74943,3935,71623,281814
2024-2025Maha,Metric,TRINCOMALEE,48319,48319,3905,44888,175283
2024-2025Maha,Metric,KURUNEGALA,81911,81343,3982,81343,323867
2024-2025Maha,Metric,PUTTALAM,20189,19823,3972,16849,66930
2024-2025Maha,Metric,ANURADHAPURA,127517,127203,4263,102284,435988
2024-2025Maha,Metric,POLONNARUWA,70176,69634,4794,61598,295310
2024-2025Maha,Metric,BADULLA,25297,25297,3973,21502,85428
2024-2025Maha,Metric,MONARAGALA,35838,35838,4139,35121,145378
2024-2025Maha,Metric,RATNAPURA,12004,12004,4419,10204,45085
2024Yala,Metric,COLOMBO,1579,1538,1975,1307,2582
2024Yala,Metric,GAMPAHA,6017,5732,2831,4872,13793
2024Yala,Metric,KALUTARA,5965,5939,2694,5478,14759
2024Yala,Metric,KANDY,8846,8840,2859,6990,19995
2024Yala,Metric,MATALE,10669,10669,4500,9595,43178
2024Yala,Metric,NUWARAELIYA,2132,2131,3905,1201,4690
2024Yala,Metric,MATARA,10649,10649,2936,8407,24687
2024Yala,Metric,HAMBANTOTA,35253,35246,5381,30794,165702
2024Yala,Metric,BATTICALOA,33652,33652,3589,29701,106587
2024Yala,Metric,AMPARA,63165,63161,5532,60363,333935
2024Yala,Metric,KURUNEGALA,57102,56697,3708,56696,210243
2024Yala,Metric,PUTTALAM,16094,15190,3609,12911,46600
2024Yala,Metric,ANURADHAPURA,61699,61660,4863,49580,241103
2024Yala,Metric,BADULLA,12193,12177,4992,10351,51667
2024Yala,Metric,MONARAGALA,16459,16420,4334,16091,69742
2024Yala,Metric,RATNAPURA,10331,10331,4566,8781,40096
2025Yala,Metric,COLOMBO,2012,2012,2584,1710,4419
2025Yala,Metric,GAMPAHA,7037,7031,3129,5976,18700
2025Yala,Metric,KALUTARA,6617,6611,2472,6099,15078
2025Yala,Metric,KANDY,8889,8888,3761,7029,26435
2025Yala,Metric,MATALE,12562,12536,4302,11274,48503
2025Yala,Metric,NUWARAELIYA,2083,2066,3941,1164,4587
2025Yala,Metric,MATARA,9852,9852,3969,7778,30869
2025Yala,Metric,HAMBANTOTA,35731,35721,6017,31209,187772
2025Yala,Metric,KILLINOCHCHI,11317,11317,4719,10042,47395
2025Yala,Metric,BATTICALOA,33111,33111,4745,29224,138654
2025Yala,Metric,AMPARA,64991,64991,5275,62111,327621
2025Yala,Metric,KURUNEGALA,69215,69050,4337,69050,299492
2025Yala,Metric,PUTTALAM,17987,17929,3838,15240,58496
2025Yala,Metric,ANURADHAPURA,82692,82612,5011,66428,332886
2025Yala,Metric,POLONNARUWA,67048,67048,5191,59311,307904
2025Yala,Metric,BADULLA,12411,12410,4440,10549,46834
2025Yala,Metric,MONARAGALA,19299,19299,4199,18913,79415
2025Yala,Metric,RATNAPURA,9897,9809,4820,8337,40186
2024-2025Maha,Metric,COLOMBO,3309,3300,2870,2805,8051
2024-2025Maha,Metric,GAMPAHA,9926,9909,3302,8423,27810
2024-2025Maha,Metric,KALUTARA,9633,9630,2727,8884,24229
2024-2025Maha,Metric,KANDY,11202,11201,3480,8858,30827
2024-2025Maha,Metric,MATALE,17789,17779,4507,15989,72064
2024-2025Maha,Metric,NUWARAELIYA,4374,4357,3188,2455,7826
2024-2025Maha,Metric,MATARA,10811,10809,3479,8534,29671
2024-2025Maha,Metric,HAMBANTOTA,36338,36174,5725,31606,180925
2024-2025Maha,Metric,MANNAR,21105,20829,4776,19887,94978
2024-2025Maha,Metric,VAVUNIYA,23270,22576,3627,21300,77250
2024-2025Maha,Metric,MULATIVU,25637,21617,2927,20395,59691
2024-2025Maha,Metric,KILLINOCHCHI,27862,27806,2514,24675,62033
2024-2025Maha,Metric,BATTICALOA,71537,70292,2526,62040,156727
2024-2025Maha,Metric,AMPARA,81457,74943,3935,71623,281814
2024-2025Maha,Metric,TRINCOMALEE,48319,48319,3905,44888,175283
2024-2025Maha,Metric,KURUNEGALA,81911,81343,3982,81343,323867
2024-2025Maha,Metric,PUTTALAM,20189,19823,3972,16849,66930
2024-2025Maha,Metric,ANURADHAPURA,127517,127203,4263,102284,435988
2024-2025Maha,Metric,POLONNARUWA,70176,69634,4794,61598,295310
2024-2025Maha,Metric,BADULLA,25297,25297,3973,21502,85428
2024-2025Maha,Metric,MONARAGALA,35838,35838,4139,35121,145378
2024-2025Maha,Metric,RATNAPURA,12004,12004,4419,10204,45085
2024Yala,Metric,COLOMBO,1579,1538,1975,1307,2582
2024Yala,Metric,GAMPAHA,6017,5732,2831,4872,13793
2024Yala,Metric,KALUTARA,5965,5939,2694,5478,14759
2024Yala,Metric,KANDY,8846,8840,2859,6990,19995
2024Yala,Metric,MATALE,10669,10669,4500,9595,43178
2024Yala,Metric,NUWARAELIYA,2132,2131,3905,1201,4690
2024Yala,Metric,MATARA,10649,10649,2936,8407,24687
2024Yala,Metric,HAMBANTOTA,35253,35246,5381,30794,165702
2024Yala,Metric,BATTICALOA,33652,33652,3589,29701,106587
2024Yala,Metric,AMPARA,63165,63161,5532,60363,333935
2024Yala,Metric,KURUNEGALA,57102,56697,3708,56696,210243
2024Yala,Metric,PUTTALAM,16094,15190,3609,12911,46600
2024Yala,Metric,ANURADHAPURA,61699,61660,4863,49580,241103
2024Yala,Metric,BADULLA,12193,12177,4992,10351,51667
2024Yala,Metric,MONARAGALA,16459,16420,4334,16091,69742
2024Yala,Metric,RATNAPURA,10331,10331,4566,8781,40096
2023-2024Maha,Metric,COLOMBO,3657,3648,3402,3100,10547
2023-2024Maha,Metric,GAMPAHA,10634,10406,3159,8845,27942
2023-2024Maha,Metric,KALUTARA,11547,11493,3032,10603,32142
2023-2024Maha,Metric,KANDY,12821,12818,3836,10137,38881
2023-2024Maha,Metric,MATALE,18876,18796,4333,16903,73239
2023-2024Maha,Metric,NUWARAELIYA,4527,4524,4238,2549,10804
2023-2024Maha,Metric,MATARA,10376,10201,3158,8054,25432
2023-2024Maha,Metric,HAMBANTOTA,36527,35958,5668,31417,178053
2023-2024Maha,Metric,MANNAR,27982,27982,4327,26717,115602
2023-2024Maha,Metric,VAVUNIYA,23412,22786,3878,21498,83359
2023-2024Maha,Metric,MULATIVU,25642,23074,3009,21771,65506
2023-2024Maha,Metric,KILLINOCHCHI,27861,27817,2005,24684,49494
2023-2024Maha,Metric,BATTICALOA,71539,66991,2410,59127,142522
2023-2024Maha,Metric,AMPARA,81373,71045,3933,67898,267017
2023-2024Maha,Metric,TRINCOMALEE,48483,48483,3409,45040,153558
2023-2024Maha,Metric,KURUNEGALA,75307,74682,3592,74682,268234
2023-2024Maha,Metric,PUTTALAM,20652,19500,3843,16576,63699
2023-2024Maha,Metric,ANURADHAPURA,125501,125271,4637,100730,467075
2023-2024Maha,Metric,POLONNARUWA,69983,69843,4697,61783,290191
2023-2024Maha,Metric,BADULLA,26056,26053,4494,22145,99528
2023-2024Maha,Metric,MONARAGALA,36485,36475,4142,35745,148069
2023-2024Maha,Metric,RATNAPURA,12930,12908,4301,10971,47224
2023Yala,Metric,COLOMBO,2218,2215,2371,1883,4464
2023Yala,Metric,GAMPAHA,8660,8467,2557,7197,18401
2023Yala,Metric,KALUTARA,9132,9115,2487,8408,20913
2023Yala,Metric,KANDY,9900,9861,3762,7798,29335
2023Yala,Metric,MATALE,11757,11566,3976,10402,41359
2023Yala,Metric,NUWARAELIYA,2439,2436,4119,1372,5653
2023Yala,Metric,MATARA,12972,9709,2999,7666,22989
2023Yala,Metric,HAMBANTOTA,34947,32920,5087,28762,146310
2023Yala,Metric,BATTICALOA,33566,33566,3557,29625,105366
2023Yala,Metric,AMPARA,63184,63176,4338,60377,261938
2023Yala,Metric,TRINCOMALEE,28649,28649,4771,26615,126977
2023Yala,Metric,KURUNEGALA,65288,59851,3447,59851,206292
2023Yala,Metric,PUTTALAM,17672,17270,3810,14680,55932
2023Yala,Metric,ANURADHAPURA,65524,64852,4302,52148,224321
2023Yala,Metric,POLONNARUWA,66033,65990,4918,58375,287105
2023Yala,Metric,BADULLA,13199,13176,4554,11200,51003
2023Yala,Metric,MONARAGALA,16561,16490,4026,16160,65066
2023Yala,Metric,RATNAPURA,10487,10424,4195,8861,37169
2022-2023Maha,Metric,COLOMBO,4215,4211,2855,3580,10222
2022-2023Maha,Metric,GAMPAHA,12348,12249,3453,10411,35911
2022-2023Maha,Metric,KALUTARA,13148,13071,2735,12058,32973
2022-2023Maha,Metric,KANDY,13178,13172,3610,10417,37603
2022-2023Maha,Metric,MATALE,20274,20263,4218,18223,76864
2022-2023Maha,Metric,NUWARAELIYA,4960,4953,3905,2791,10898
2022-2023Maha,Metric,MATARA,14567,14463,3406,11418,38884
2022-2023Maha,Metric,HAMBANTOTA,37347,37289,5468,32579,178137
2022-2023Maha,Metric,MANNAR,22117,22113,3497,21113,73839
2022-2023Maha,Metric,VAVUNIYA,23503,23009,2861,21710,62101
2022-2023Maha,Metric,MULATIVU,25652,25652,3152,24203,76274
2022-2023Maha,Metric,KILLINOCHCHI,27883,27512,3258,24414,79545
2022-2023Maha,Metric,BATTICALOA,71433,71433,3088,63047,194671
2022-2023Maha,Metric,AMPARA,80553,79886,4172,76347,318517
2022-2023Maha,Metric,TRINCOMALEE,48603,48574,3138,45126,141623
2022-2023Maha,Metric,KURUNEGALA,78253,77857,3760,77857,292723
2022-2023Maha,Metric,PUTTALAM,19369,19033,3570,16178,57756
2022-2023Maha,Metric,ANURADHAPURA,118818,117357,3849,94367,363239
2022-2023Maha,Metric,POLONNARUWA,69487,69449,4416,61434,271313
2022-2023Maha,Metric,BADULLA,25766,25751,3662,21889,80152
2022-2023Maha,Metric,MONARAGALA,35628,35573,4003,34861,139548
2022-2023Maha,Metric,RATNAPURA,14641,14598,3761,12409,46666
2022Yala,Metric,COLOMBO,2880,2880,2207,2448,5412
2022Yala,Metric,GAMPAHA,9850,9836,2493,8360,20844
2022Yala,Metric,KALUTARA,10765,10661,2330,9834,22915
2022Yala,Metric,KANDY,10090,10089,3227,7978,25743
2022Yala,Metric,MATALE,12716,12683,2768,11406,31577
2022Yala,Metric,NUWARAELIYA,2873,2871,3704,1618,5993
2022Yala,Metric,GALLE,10615,10422,2194,8155,17896
2022Yala,Metric,MATARA,13321,13072,2730,10320,28178
2022Yala,Metric,HAMBANTOTA,33031,33003,4612,28834,132995
2022Yala,Metric,BATTICALOA,28696,28696,2950,25327,74720
2022Yala,Metric,AMPARA,62686,62644,3708,59869,221999
2022Yala,Metric,TRINCOMALEE,24491,24491,4026,22752,91605
2022Yala,Metric,KURUNEGALA,56830,56581,2775,56580,157003
2022Yala,Metric,PUTTALAM,13408,13308,2755,11312,31158
2022Yala,Metric,ANURADHAPURA,59918,59832,3248,48111,156283
2022Yala,Metric,BADULLA,12594,12593,3349,10704,35851
2022Yala,Metric,MONARAGALA,15571,15437,3414,15129,51654
2022Yala,Metric,RATNAPURA,11610,11522,3356,9793,32865
2021-2022Maha,Metric,COLOMBO,3830,3811,2521,3239,8166
2021-2022Maha,Metric,GAMPAHA,11511,11202,2842,9522,27059
2021-2022Maha,Metric,KALUTARA,11939,11566,2563,10669,27349
2021-2022Maha,Metric,KANDY,12211,12201,3235,9649,31211
2021-2022Maha,Metric,MATALE,19992,19920,3339,17914,59812
2021-2022Maha,Metric,NUWARAELIYA,5044,5034,3922,2836,11126
2021-2022Maha,Metric,GALLE,11235,10921,2514,8546,21486
2021-2022Maha,Metric,MATARA,13685,13178,2764,10404,28761
2021-2022Maha,Metric,HAMBANTOTA,36104,36007,3969,31459,124870
2021-2022Maha,Metric,MANNAR,20466,20171,2662,19259,51276
2021-2022Maha,Metric,VAVUNIYA,18859,18859,2373,17793,42222
2021-2022Maha,Metric,MULATIVU,19990,19828,2305,18707,43110
2021-2022Maha,Metric,KILLINOCHCHI,27403,27403,2485,24317,60417
2021-2022Maha,Metric,BATTICALOA,66520,66520,1639,58711,96253
2021-2022Maha,Metric,AMPARA,82442,81230,2857,77631,221529
2021-2022Maha,Metric,TRINCOMALEE,39650,39629,2662,36815,98005
2021-2022Maha,Metric,KURUNEGALA,81454,80609,3229,80609,260302
2021-2022Maha,Metric,PUTTALAM,20930,19478,2415,16557,39985
2021-2022Maha,Metric,ANURADHAPURA,116969,116565,2873,93730,260448
2021-2022Maha,Metric,POLONNARUWA,66536,66536,3103,58858,182628
2021-2022Maha,Metric,BADULLA,24195,24185,3027,20557,62221
2021-2022Maha,Metric,MONARAGALA,34361,34188,2987,33504,100062
2021-2022Maha,Metric,RATNAPURA,13092,13041,3365,11085,37299
2021Yala,Metric,COLOMBO,2521,2348,2455,1996,4899
2021Yala,Metric,GAMPAHA,9954,8492,2991,7218,21588
2021Yala,Metric,KALUTARA,9766,9429,3048,8698,26515
2021Yala,Metric,KANDY,9278,9256,2945,7320,21559
2021Yala,Metric,MATALE,12343,12325,4639,11084,51415
2021Yala,Metric,GALLE,8548,8326,2897,6515,18873
2021Yala,Metric,MATARA,14082,13862,3727,10944,40787
2021Yala,Metric,HAMBANTOTA,34490,34490,5814,30134,175190
2021Yala,Metric,BATTICALOA,28502,28502,4665,25156,117353
2021Yala,Metric,AMPARA,62860,62776,5229,59995,313708
2021Yala,Metric,TRINCOMALEE,25239,25239,5267,23447,123491
2021Yala,Metric,KURUNEGALA,68573,67988,4024,67988,273572
2021Yala,Metric,PUTTALAM,18602,17491,3950,14868,58728
2021Yala,Metric,ANURADHAPURA,62104,62017,4691,49868,233948
2021Yala,Metric,BADULLA,12098,12098,5088,10284,52327
2021Yala,Metric,MONARAGALA,15852,15759,5034,15444,77752
2021Yala,Metric,RATNAPURA,10773,10743,4119,9131,37617
2020-2021Maha,Metric,COLOMBO,3857,3855,3723,3276,12198
2020-2021Maha,Metric,GAMPAHA,12450,12356,3751,10502,39390
2020-2021Maha,Metric,KALUTARA,13019,12910,3358,11910,39990
2020-2021Maha,Metric,KANDY,12186,12184,4720,9635,45478
2020-2021Maha,Metric,MATALE,18908,18882,5669,16980,96263
2020-2021Maha,Metric,NUWARAELIYA,4877,4877,5020,2748,13798
2020-2021Maha,Metric,GALLE,13511,13346,3403,10444,35538
2020-2021Maha,Metric,MATARA,14114,13929,3585,10997,39430
2020-2021Maha,Metric,HAMBANTOTA,34912,34890,5883,30483,179336
2020-2021Maha,Metric,MANNAR,20242,20144,5228,19234,100561
2020-2021Maha,Metric,VAVUNIYA,19376,19262,4253,18174,77297
2020-2021Maha,Metric,MULATIVU,22781,22744,4266,21459,91546
2020-2021Maha,Metric,KILLINOCHCHI,27358,27358,3500,24277,84963
2020-2021Maha,Metric,BATTICALOA,67074,65630,3809,57925,220640
2020-2021Maha,Metric,AMPARA,81149,79932,4780,76391,365123
2020-2021Maha,Metric,TRINCOMALEE,39838,39838,4250,37009,157272
2020-2021Maha,Metric,KURUNEGALA,76057,75634,3775,75634,285481
2020-2021Maha,Metric,PUTTALAM,19654,19234,3746,16348,61240
2020-2021Maha,Metric,ANURADHAPURA,112549,112366,5098,90353,460585
2020-2021Maha,Metric,POLONNARUWA,66523,66523,5220,58846,307190
2020-2021Maha,Metric,BADULLA,23568,23568,4859,20033,97344
2020-2021Maha,Metric,MONARAGALA,34900,34214,4599,33530,154218
2020-2021Maha,Metric,RATNAPURA,13358,13351,4465,11348,50666
2020Yala,Metric,COLOMBO,3219,3219,3281,2736,8976
2020Yala,Metric,GAMPAHA,10444,10000,3445,8500,29283
2020Yala,Metric,KALUTARA,11653,11592,3380,10694,36149
2020Yala,Metric,KANDY,8837,8803,4099,6961,28536
2020Yala,Metric,MATALE,8221,8209,5034,7382,37161
2020Yala,Metric,NUWARAELIYA,4406,4406,4512,2483,11201
2020Yala,Metric,GALLE,11551,10915,2837,8542,24233
2020Yala,Metric,MATARA,13913,13499,3573,10658,38084
2020Yala,Metric,HAMBANTOTA,34167,34161,5986,29846,178647
2020Yala,Metric,VAVUNIYA,1473,1472,5520,1388,7663
2020Yala,Metric,BATTICALOA,28955,28943,4582,25545,117059
2020Yala,Metric,AMPARA,61295,60708,5003,58018,290263
2020Yala,Metric,TRINCOMALEE,22112,22112,5268,20542,108222
2020Yala,Metric,KURUNEGALA,58127,56531,4397,56531,248546
2020Yala,Metric,PUTTALAM,15182,14263,4343,12123,52656
2020Yala,Metric,ANURADHAPURA,39334,39258,4936,31567,155805
2020Yala,Metric,BADULLA,11663,11639,4973,9893,49200
2020Yala,Metric,MONARAGALA,14400,14185,4922,13902,68422
2020Yala,Metric,RATNAPURA,11462,11324,4403,9626,42382
2019-2020Maha,Metric,COLOMBO,2864,2864,3521,2434,8571
2019-2020Maha,Metric,GAMPAHA,9714,9562,4240,8128,34460
2019-2020Maha,Metric,KALUTARA,9556,9491,3641,8756,31876
2019-2020Maha,Metric,KANDY,11004,10994,4422,8694,38440
2019-2020Maha,Metric,MATALE,18457,18386,5316,16534,87897
2019-2020Maha,Metric,NUWARAELIYA,1734,1734,3608,977,3525
2019-2020Maha,Metric,GALLE,7948,7938,3980,6213,24728
2019-2020Maha,Metric,MATARA,11746,11596,3886,9155,35581
2019-2020Maha,Metric,HAMBANTOTA,34978,34933,6302,30521,192353
2019-2020Maha,Metric,MANNAR,19368,19368,4827,18492,89263
2019-2020Maha,Metric,VAVUNIYA,19241,19117,4951,18036,89294
2019-2020Maha,Metric,MULATIVU,18259,18259,4644,17228,80008
2019-2020Maha,Metric,KILLINOCHCHI,27165,27165,4158,24106,100224
2019-2020Maha,Metric,BATTICALOA,66996,61245,3783,54055,204489
2019-2020Maha,Metric,AMPARA,79417,76794,4764,73392,349626
2019-2020Maha,Metric,TRINCOMALEE,38285,38285,4375,35567,155592
2019-2020Maha,Metric,KURUNEGALA,82479,82011,4732,82011,388043
2019-2020Maha,Metric,PUTTALAM,20563,19588,4652,16649,77449
2019-2020Maha,Metric,ANURADHAPURA,118902,118329,5574,95148,530356
2019-2020Maha,Metric,POLONNARUWA,67016,66594,5404,58909,318352
2019-2020Maha,Metric,BADULLA,25642,25642,4405,21795,96017
2019-2020Maha,Metric,MONARAGALA,34356,33654,4796,32981,158159
2019-2020Maha,Metric,RATNAPURA,10756,10738,5097,9127,46521
2019Yala,Metric,COLOMBO,892,788,3064,670,2054
2019Yala,Metric,GAMPAHA,5500,4183,3250,3556,11555
2019Yala,Metric,KALUTARA,5076,4742,2857,4375,12502
2019Yala,Metric,KANDY,5858,5817,3399,4599,15632
2019Yala,Metric,MATALE,4621,4492,5259,4040,21247
2019Yala,Metric,GALLE,3333,2670,3012,2090,6295
2019Yala,Metric,MATARA,11306,8750,3240,6908,22383
2019Yala,Metric,HAMBANTOTA,32702,32195,5726,28129,161070
2019Yala,Metric,BATTICALOA,27444,24505,3683,21627,79649
2019Yala,Metric,AMPARA,56055,55117,5377,52675,283226
2019Yala,Metric,KURUNEGALA,39148,30764,4015,30763,123518
2019Yala,Metric,PUTTALAM,8460,7161,4479,6087,27262
2019Yala,Metric,ANURADHAPURA,33412,32091,5119,25805,132103
2019Yala,Metric,BADULLA,11270,10988,5120,9340,47817
2019Yala,Metric,MONARAGALA,14146,13187,5122,12924,66200
2019Yala,Metric,RATNAPURA,7349,7184,4834,6106,29516
2018-2019Maha,Metric,COLOMBO,3232,3232,3509,2747,9638
2018-2019Maha,Metric,GAMPAHA,10344,10091,3717,8577,31882
2018-2019Maha,Metric,KALUTARA,10297,10292,3642,9494,34573
2018-2019Maha,Metric,KANDY,11112,11072,4289,8755,37554
2018-2019Maha,Metric,MATALE,19115,18847,5260,16950,89147
2018-2019Maha,Metric,NUWARAELIYA,4660,4660,4998,2626,13124
2018-2019Maha,Metric,GALLE,8313,8308,3247,6502,21112
2018-2019Maha,Metric,MATARA,12950,12801,4160,10106,42043
2018-2019Maha,Metric,HAMBANTOTA,34164,34141,6622,29829,197527
2018-2019Maha,Metric,MANNAR,19267,19267,5112,18396,94045
2018-2019Maha,Metric,VAVUNIYA,19207,18296,5594,17262,96567
2018-2019Maha,Metric,MULATIVU,16617,10978,4915,10357,50907
2018-2019Maha,Metric,KILLINOCHCHI,26765,26168,3599,23221,83563
2018-2019Maha,Metric,BATTICALOA,67214,67214,3206,59323,190167
2018-2019Maha,Metric,AMPARA,79982,76360,5030,72976,367085
2018-2019Maha,Metric,TRINCOMALEE,38587,38468,4241,35737,151555
2018-2019Maha,Metric,KURUNEGALA,80370,80075,4711,80076,377199
2018-2019Maha,Metric,PUTTALAM,20681,20393,4584,17334,79462
2018-2019Maha,Metric,ANURADHAPURA,109813,109254,5414,87851,475637
2018-2019Maha,Metric,POLONNARUWA,65970,65188,5075,57666,292645
2018-2019Maha,Metric,BADULLA,25670,25615,4708,21773,102511
2018-2019Maha,Metric,MONARAGALA,36044,26180,4911,25656,125995
2018-2019Maha,Metric,RATNAPURA,11175,11159,4688,9486,44475
2018Yala,Metric,COLOMBO,1175,1174,3259,997,3250
2018Yala,Metric,GAMPAHA,6163,5766,3210,4901,15735
2018Yala,Metric,KALUTARA,6178,6108,3034,5634,17096
2018Yala,Metric,KANDY,6389,6332,4197,5007,21014
2018Yala,Metric,MATALE,7967,7713,4561,6936,31633
2018Yala,Metric,NUWARAELIYA,2522,2505,4041,1411,5703
2018Yala,Metric,GALLE,3945,3944,3204,3087,9893
2018Yala,Metric,MATARA,12223,12062,3866,9523,36814
2018Yala,Metric,HAMBANTOTA,24771,24695,6252,21577,134904
2018Yala,Metric,BATTICALOA,25655,25655,4104,22643,92926
2018Yala,Metric,AMPARA,44262,41927,4840,40070,193924
2018Yala,Metric,TRINCOMALEE,20353,20353,4994,18909,94434
2018Yala,Metric,KURUNEGALA,50261,46830,3899,46830,182575
2018Yala,Metric,PUTTALAM,13001,12081,4524,10269,46454
2018Yala,Metric,ANURADHAPURA,21241,20250,5262,16283,85691
2018Yala,Metric,POLONNARUWA,61559,59865,5070,52957,268472
2018Yala,Metric,BADULLA,10810,10799,4673,9179,42893
2018Yala,Metric,MONARAGALA,12820,12578,3684,12326,45405
2018Yala,Metric,RATNAPURA,7293,7265,4042,6176,24963
2017-2018Maha,Metric,COLOMBO,3183,3183,3458,2705,9354
2017-2018Maha,Metric,GAMPAHA,10648,10516,3782,8939,33805
2017-2018Maha,Metric,KALUTARA,11084,11039,3349,10184,34107
2017-2018Maha,Metric,KANDY,11035,10842,3851,8574,33019
2017-2018Maha,Metric,MATALE,16880,15966,4690,14359,67348
2017-2018Maha,Metric,NUWARAELIYA,4705,4704,3417,2651,9058
2017-2018Maha,Metric,GALLE,10775,10725,2986,8393,25059
2017-2018Maha,Metric,MATARA,13488,13447,3808,10617,40425
2017-2018Maha,Metric,HAMBANTOTA,34695,34695,5773,30313,174989
2017-2018Maha,Metric,MANNAR,19405,18225,4487,17401,78071
2017-2018Maha,Metric,VAVUNIYA,12905,8803,4223,8305,35071
2017-2018Maha,Metric,MULATIVU,19785,14711,3963,13879,55005
2017-2018Maha,Metric,KILLINOCHCHI,26760,24468,4213,21713,91484
2017-2018Maha,Metric,BATTICALOA,64796,64796,3100,57189,177289
2017-2018Maha,Metric,AMPARA,81293,76324,4562,72943,332767
2017-2018Maha,Metric,TRINCOMALEE,38952,38007,4083,35308,144171
2017-2018Maha,Metric,KURUNEGALA,47616,42541,4418,42541,187951
2017-2018Maha,Metric,PUTTALAM,5880,5179,4163,4402,18322
2017-2018Maha,Metric,ANURADHAPURA,59558,47701,4414,38357,169316
2017-2018Maha,Metric,POLONNARUWA,65403,64677,4848,57214,277349
2017-2018Maha,Metric,BADULLA,20252,19514,4340,16587,71989
2017-2018Maha,Metric,MONARAGALA,36373,29727,4123,29131,120120
2017-2018Maha,Metric,RATNAPURA,10000,9956,3519,8462,29775
2017Yala,Metric,COLOMBO,946,908,2720,772,2099
2017Yala,Metric,GAMPAHA,2728,2596,2672,2206,5895
2017Yala,Metric,KALUTARA,5785,5635,3228,5199,16778
2017Yala,Metric,KANDY,6277,6219,4162,4918,20468
2017Yala,Metric,MATALE,5457,5138,4277,4620,19762
2017Yala,Metric,NUWARAELIYA,1142,1142,3619,644,2329
2017Yala,Metric,MATARA,11921,11636,3491,9188,32078
2017Yala,Metric,HAMBANTOTA,20967,20772,5348,18149,97050
2017Yala,Metric,BATTICALOA,24211,22211,3431,19603,67263
2017Yala,Metric,AMPARA,46302,45937,4251,43902,186647
2017Yala,Metric,KURUNEGALA,15824,9728,3940,9728,38332
2017Yala,Metric,PUTTALAM,2463,981,4024,834,3356
2017Yala,Metric,ANURADHAPURA,8525,8272,3909,6652,26004
2017Yala,Metric,POLONNARUWA,40882,40228,4878,35585,173595
2017Yala,Metric,BADULLA,8668,8661,4434,7363,32648
2017Yala,Metric,MONARAGALA,9900,9727,4502,9532,42911
2017Yala,Metric,RATNAPURA,6070,5960,3267,5066,16549
2016-2017Maha,Metric,COLOMBO,2242,2241,3437,1905,6546
2016-2017Maha,Metric,GAMPAHA,7932,4998,3340,4248,14187
2016-2017Maha,Metric,KALUTARA,8838,8834,3565,8149,29051
2016-2017Maha,Metric,KANDY,8560,8300,4377,6563,28730
2016-2017Maha,Metric,MATALE,9349,8048,4523,7237,32734
2016-2017Maha,Metric,NUWARAELIYA,4322,4322,3897,2435,9490
2016-2017Maha,Metric,GALLE,8118,8087,3543,6328,22423
2016-2017Maha,Metric,MATARA,11579,11509,4584,9087,41652
2016-2017Maha,Metric,HAMBANTOTA,22011,21750,5253,19003,99825
2016-2017Maha,Metric,VAVUNIYA,11015,5401,4334,5095,22083
2016-2017Maha,Metric,MULATIVU,15662,5767,2957,5441,16087
2016-2017Maha,Metric,KILLINOCHCHI,24956,15063,3983,13366,53241
2016-2017Maha,Metric,BATTICALOA,62836,36866,2516,32537,81878
2016-2017Maha,Metric,TRINCOMALEE,29236,18375,4356,17071,74365
2016-2017Maha,Metric,KURUNEGALA,46788,18481,4540,18481,83898
2016-2017Maha,Metric,PUTTALAM,11536,6777,3625,5761,20885
2016-2017Maha,Metric,ANURADHAPURA,37853,19736,4608,15870,73127
2016-2017Maha,Metric,BADULLA,19793,18009,4401,15308,67366
2016-2017Maha,Metric,MONARAGALA,25680,12625,3922,12371,48526
2016-2017Maha,Metric,RATNAPURA,7955,7749,3697,6587,24353
2016Yala,Metric,COLOMBO,402,398,2567,338,869
2016Yala,Metric,GAMPAHA,1903,1875,2703,1594,4308
2016Yala,Metric,KALUTARA,2799,2786,2954,2570,7592
2016Yala,Metric,KANDY,7565,7552,3533,5973,21103
2016Yala,Metric,MATALE,7414,7364,4886,6623,32359
2016Yala,Metric,NUWARAELIYA,2017,2015,3297,1135,3744
2016Yala,Metric,MATARA,6404,6334,3719,5000,18597
2016Yala,Metric,HAMBANTOTA,22444,22042,5259,19258,101267
2016Yala,Metric,BATTICALOA,27360,27330,3536,24122,85305
2016Yala,Metric,AMPARA,64004,64003,4766,61167,291520
2016Yala,Metric,KURUNEGALA,50190,49356,3537,49357,174599
2016Yala,Metric,PUTTALAM,14150,13569,3282,11533,37850
2016Yala,Metric,ANURADHAPURA,38701,38223,4295,30735,131995
2016Yala,Metric,BADULLA,12679,12679,4415,10778,47583
2016Yala,Metric,MONARAGALA,9405,9384,4363,9196,40121
2016Yala,Metric,RATNAPURA,6205,6132,4172,5212,21745
2015-2016Maha,Metric,COLOMBO,2896,2888,3414,2455,8381
2015-2016Maha,Metric,GAMPAHA,9989,9983,3849,8485,32661
2015-2016Maha,Metric,KALUTARA,11736,11722,3358,10814,36314
2015-2016Maha,Metric,KANDY,11747,11733,3764,9279,34921
2015-2016Maha,Metric,MATALE,19858,19724,4460,17738,79115
2015-2016Maha,Metric,NUWARAELIYA,4866,4866,3779,2742,10365
2015-2016Maha,Metric,GALLE,10174,10118,2965,7919,23476
2015-2016Maha,Metric,MATARA,12100,11848,4055,9353,37932
2015-2016Maha,Metric,HAMBANTOTA,27848,27128,5418,23702,128424
2015-2016Maha,Metric,JAFFNA,10252,8389,2352,7445,17511
2015-2016Maha,Metric,MANNAR,18698,18664,4999,17821,89079
2015-2016Maha,Metric,VAVUNIYA,17478,17478,4359,16491,71889
2015-2016Maha,Metric,MULATIVU,16046,13415,3622,12658,45851
2015-2016Maha,Metric,KILLINOCHCHI,24168,24168,3959,21446,84913
2015-2016Maha,Metric,BATTICALOA,61988,56401,3022,49779,150434
2015-2016Maha,Metric,AMPARA,80986,80752,4467,77174,344765
2015-2016Maha,Metric,TRINCOMALEE,34698,34220,4570,31790,145279
2015-2016Maha,Metric,KURUNEGALA,80778,80625,4131,80625,333062
2015-2016Maha,Metric,PUTTALAM,20090,19570,3996,16634,66466
2015-2016Maha,Metric,ANURADHAPURA,96254,95865,4748,77085,365988
2015-2016Maha,Metric,POLONNARUWA,65202,65123,5056,57608,291274
2015-2016Maha,Metric,BADULLA,27289,27289,4303,23195,99813
2015-2016Maha,Metric,MONARAGALA,37683,37656,3817,36902,140855
2015-2016Maha,Metric,RATNAPURA,11163,11125,3877,9456,36660
2015Yala,Metric,COLOMBO,1309,1302,2275,1106,2516
2015Yala,Metric,GAMPAHA,4592,4576,3252,3889,12648
2015Yala,Metric,KALUTARA,7796,7755,3495,7153,25000
2015Yala,Metric,KANDY,8552,8545,3647,6757,24643
2015Yala,Metric,MATALE,10186,10152,4202,9130,38362
2015Yala,Metric,NUWARAELIYA,2157,2157,3943,1215,4792
2015Yala,Metric,GALLE,5694,5125,2649,4011,10626
2015Yala,Metric,MATARA,13655,12701,3861,10027,38709
2015Yala,Metric,HAMBANTOTA,26302,25626,5279,22389,118190
2015Yala,Metric,VAVUNIYA,5722,5654,4683,5334,24978
2015Yala,Metric,BATTICALOA,27011,26960,4811,23795,114470
2015Yala,Metric,AMPARA,65973,65968,4906,63046,309335
2015Yala,Metric,TRINCOMALEE,22294,22207,4745,20631,97884
2015Yala,Metric,KURUNEGALA,62649,61318,3562,61319,218402
2015Yala,Metric,PUTTALAM,15327,15172,3817,12896,49227
2015Yala,Metric,ANURADHAPURA,50398,50102,4612,40287,185818
2015Yala,Metric,POLONNARUWA,62135,61799,5131,54668,280476
2015Yala,Metric,BADULLA,13074,13074,4459,11112,49547
2015Yala,Metric,MONARAGALA,15415,15403,4011,15095,60550
2015Yala,Metric,RATNAPURA,8311,8290,3688,7046,25984
2014-2015Maha,Metric,COLOMBO,3484,3482,3431,2960,10156
2014-2015Maha,Metric,GAMPAHA,11154,10974,3594,9329,33529
2014-2015Maha,Metric,KALUTARA,13020,12992,3644,11984,43668
2014-2015Maha,Metric,KANDY,12135,12065,4203,9540,40102
2014-2015Maha,Metric,MATALE,20365,20000,4602,17986,82768
2014-2015Maha,Metric,NUWARAELIYA,5237,5210,3717,2936,10912
2014-2015Maha,Metric,GALLE,13130,13099,3738,10252,38317
2014-2015Maha,Metric,MATARA,14447,14304,4266,11294,48184
2014-2015Maha,Metric,HAMBANTOTA,27175,26995,6134,23586,144681
2014-2015Maha,Metric,MANNAR,17321,16919,5489,16154,88661
2014-2015Maha,Metric,VAVUNIYA,16841,16805,4816,15856,76363
2014-2015Maha,Metric,MULATIVU,14613,14556,3330,13734,45739
2014-2015Maha,Metric,KILLINOCHCHI,23675,21172,3689,18788,69319
2014-2015Maha,Metric,BATTICALOA,61014,50866,2686,44895,120570
2014-2015Maha,Metric,AMPARA,83133,78932,4078,75435,307661
2014-2015Maha,Metric,TRINCOMALEE,34470,28218,4473,26213,117256
2014-2015Maha,Metric,KURUNEGALA,79375,77108,3609,77108,278269
2014-2015Maha,Metric,PUTTALAM,20116,18290,4028,15546,62620
2014-2015Maha,Metric,ANURADHAPURA,99814,91667,4802,73710,353924
2014-2015Maha,Metric,POLONNARUWA,74766,74486,5306,65891,349625
2014-2015Maha,Metric,BADULLA,27057,27046,4761,22989,109463
2014-2015Maha,Metric,MONARAGALA,36038,35817,3993,35100,140155
2014-2015Maha,Metric,RATNAPURA,11751,11736,3924,9975,39147
2014Yala,Metric,COLOMBO,983,978,3073,831,2555
2014Yala,Metric,GAMPAHA,5171,5012,3179,4260,13542
2014Yala,Metric,KALUTARA,6272,6260,2817,5775,16269
2014Yala,Metric,KANDY,8118,8110,3667,6414,23521
2014Yala,Metric,MATALE,6507,6295,4169,5661,23598
2014Yala,Metric,NUWARAELIYA,1839,1839,4274,1036,4430
2014Yala,Metric,MATARA,11221,11175,3398,8823,29982
2014Yala,Metric,HAMBANTOTA,21524,20644,4627,18037,83451
2014Yala,Metric,BATTICALOA,20282,20282,4137,17901,74062
2014Yala,Metric,AMPARA,44377,44360,4700,42395,199265
2014Yala,Metric,KURUNEGALA,59599,52587,3453,52587,181603
2014Yala,Metric,PUTTALAM,10741,10307,3927,8761,34407
2014Yala,Metric,ANURADHAPURA,17542,16174,4461,13005,58012
2014Yala,Metric,BADULLA,12843,12731,4751,10822,51419
2014Yala,Metric,MONARAGALA,8814,7769,3778,7614,28765
2014Yala,Metric,RATNAPURA,7412,7412,3525,6300,22207
2013-2014Maha,Metric,COLOMBO,800,896,2641,3874,3468
2013-2014Maha,Metric,GAMPAHA,480,3500,2753,3075,3392
2013-2014Maha,Metric,KALUTARA,486,2158,2808,2636,2973
2013-2014Maha,Metric,GALLE,1949,656,3838,3576,3656
2013-2014Maha,Metric,MATARA,74,3222,3966,4044,3765
2013-2014Maha,Metric,RATNAPURA,64,6742,4397,4318,3231
2013-2014Maha,Metric,KEGALLE,6088,5946,344,5570,18629
2013-2014Maha,Metric,KURUNEGALA,4542,22725,4518,4188,3665
2013-2014Maha,Metric,PUTTALAM,329,7073,4298,3957,3832
2013-2014Maha,Metric,KANDY,522,5244,5056,3732,3709
2013-2014Maha,Metric,MATALE,42,7174,4003,4268,3201
2013-2014Maha,Metric,NUWARAELIYA,6,4085,4228,4444,4084
2013-2014Maha,Metric,BADULLA,583,10689,5816,4106,4084
2013-2014Maha,Metric,MONARAGALA,7171,8942,5078,4082,2660
2013-2014Maha,Metric,KILLINOCHCHI,1689,162,4272,3064,4118
2013-2014Maha,Metric,VAVUNIYA,11,4190,3944,3348,2626
2013-2014Maha,Metric,MANNAR,7,1294,5208,5429,2810
2013-2014Maha,Metric,ANURADHAPURA,589,13625,4223,3873,2477
2013-2014Maha,Metric,POLONNARUWA,408,5554,4795,5228,3861
2013-2014Maha,Metric,TRINCOMALEE,403,3632,4885,4607,4846
2013-2014Maha,Metric,BATTICALOA,8166,3127,3581,2021,2801
2013-2014Maha,Metric,AMPARA,5394,3577,5280,4045,3215
2013-2014Maha,Metric,HAMBANTOTA,438,5262,5806,5053,4571
2013Yala,Metric,COLOMBO,1257,1247,2522,1060,2673
2013Yala,Metric,GAMPAHA,4813,4713,2934,4006,11753
2013Yala,Metric,KALUTARA,6906,6906,2539,6370,16175
2013Yala,Metric,GALLE,4057,4050,2670,3169,8461
2013Yala,Metric,MATARA,11331,11294,3475,8916,30986
2013Yala,Metric,RATNAPURA,8465,8457,3941,7188,28329
2013Yala,Metric,KURUNEGALA,52461,52300,3619,52300,189281
2013Yala,Metric,PUTTALAM,11533,11154,3856,9481,36558
2013Yala,Metric,KANDY,8459,8439,3691,6673,24633
2013Yala,Metric,MATALE,9318,9292,4617,8356,38580
2013Yala,Metric,NUWARAELIYA,1832,1832,3196,1033,3300
2013Yala,Metric,BADULLA,13485,13485,4443,11462,50922
2013Yala,Metric,MONARAGALA,15346,15319,3696,15013,55482
2013Yala,Metric,VAVUNIYA,5270,5270,4813,4972,23930
2013Yala,Metric,ANURADHAPURA,46888,46850,4284,37672,161406
2013Yala,Metric,TRINCOMALEE,23012,23012,4758,21379,101718
2013Yala,Metric,BATTICALOA,27556,27556,4603,24321,111943
2013Yala,Metric,AMPARA,64403,64352,4833,61502,297229
2013Yala,Metric,HAMBANTOTA,25896,25850,4987,22585,112623
2011Yala,Metric,COLOMBO,2378,2343,2,893,2999
2011Yala,Metric,GAMPAHA,5461,453,3,488,3
2011Yala,Metric,KALUTARA,1,781,2,451,2
2011Yala,Metric,KANDY,9127,59,3,492,2
2011Yala,Metric,MATALE,1,4,4839,3,689
2011Yala,Metric,NUWARAELIYA,2946,64,209,3,190
2011Yala,Metric,GALLE,1,10451,122,2,919
2011Yala,Metric,MATARA,1,3,3831,3,275
2011Yala,Metric,HAMBANTOTA,2,4,5345,4,90
2011Yala,Metric,VAVUNIYA,4272,845,3,854,3
2011Yala,Metric,BATTICALOA,2,1,4132,3,197
2011Yala,Metric,AMPARA,6,1,4919,3,677
2011Yala,Metric,TRINCOMALEE,8514,10,931,4710,16960
2011Yala,Metric,KURUNEGALA,6,3,4280,3,860
2011Yala,Metric,PUTTALAM,1,8,4133,3,337
2011Yala,Metric,ANURADHAPURA,5,2,5064,4,475
2011Yala,Metric,POLONNARUWA,1666,795,28,5028,54496
2011Yala,Metric,BADULLA,1,4,4972,3,373
2011Yala,Metric,MONARAGALA,1,7,4944,3,719
2011Yala,Metric,RATNAPURA,1,6,4807,3,198
2011Yala,Metric,KEGALLE,2,2,2756,6560,18077
2010Yala,Metric,COLOMBO,10,656,10,2,67
2010Yala,Metric,GAMPAHA,196,828,7810,3994,3
2010Yala,Metric,KALUTARA,879,2025,9930,1,1935
2010Yala,Metric,GALLE,5,1732,4,1,1546
2010Yala,Metric,MATARA,278,5574,8547,1,5467
2010Yala,Metric,RATNAPURA,299,1463,3011,1,1449
2010Yala,Metric,KEGALLE,894,321,923,2,810
2010Yala,Metric,KURUNEGALA,3836,6682,3664,2,3562
2010Yala,Metric,PUTTALAM,962,576,1079,9436,3700
2010Yala,Metric,KANDY,419,121,2969,1,103
2010Yala,Metric,MATALE,815,719,6,76,1
2010Yala,Metric,NUWARAELIYA,292,30,223,6,4
2010Yala,Metric,BADULLA,571,2665,7,5,1
2010Yala,Metric,MONARAGALA,67,4016,1079,1,3884
2010Yala,Metric,KILLINOCHCHI,3,3,465,2,579
2010Yala,Metric,VAVUNIYA,32,325,14,4,277
2010Yala,Metric,MULATIVU,11,1,3,764,3
2010Yala,Metric,ANURADHAPURA,590,2887,9,2,2
2010Yala,Metric,POLONNARUWA,395,5906,8300,5,121
2010Yala,Metric,TRINCOMALEE,86,2013,3059,4,869
2010Yala,Metric,BATTICALOA,580,901,580,3,22
2010Yala,Metric,AMPARA,656,9255,8,3,5
2010Yala,Metric,HAMBANTOTA,539,4255,529,1255,2
2009-2010Maha,Metric,COLOMBO,4764,4763,3505,4048,14190
2009-2010Maha,Metric,GAMPAHA,12534,12464,3451,10595,36560
2009-2010Maha,Metric,KALUTARA,15369,15289,3208,14105,45245
2009-2010Maha,Metric,MATARA,15908,15811,3641,12483,45455
2009-2010Maha,Metric,RATNAPURA,13485,13485,3318,11463,38034
2009-2010Maha,Metric,KURUNEGALA,68758,68023,4033,68023,274343
2009-2010Maha,Metric,PUTTALAM,14415,14236,3973,12100,48075
2009-2010Maha,Metric,MATALE,20248,20088,4494,18065,81175
2009-2010Maha,Metric,NUWARAELIYA,5586,5583,4134,3146,13007
2009-2010Maha,Metric,BADULLA,27023,26988,4324,22940,99203
2009-2010Maha,Metric,MONARAGALA,27360,27360,4413,26812,118331
2009-2010Maha,Metric,VAVUNIYA,4830,4830,5367,4557,24457
2009-2010Maha,Metric,ANURADHAPURA,81463,81063,4924,65183,320937
2009-2010Maha,Metric,POLONNARUWA,60312,60301,5336,53342,284628
2009-2010Maha,Metric,TRINCOMALEE,26535,26521,4332,24638,106727
2009-2010Maha,Metric,BATTICALOA,54855,54329,4031,47951,193274
2009-2010Maha,Metric,AMPARA,69861,69840,5368,66746,358274
2009-2010Maha,Metric,HAMBANTOTA,26098,26012,5183,22726,117793
2009Yala,Metric,COLOMBO,2741,7,603,2,957
2009Yala,Metric,GAMPAHA,61,106,61,4,369
2009Yala,Metric,KALUTARA,10712,2027,3,33,2
2009Yala,Metric,GALLE,3120,3084,2,997,10239
2009Yala,Metric,MATARA,233,3,8,691,15538
2009Yala,Metric,RATNAPURA,466,1,3,464,11840
2009Yala,Metric,KEGALLE,7,164,3,338,3
2009Yala,Metric,KURUNEGALA,2,7,253,4,6516
2009Yala,Metric,KANDY,326,262,279,2,192
2009Yala,Metric,MATALE,316,2,4,99,6163
2009Yala,Metric,NUWARAELIYA,5,53,2858,3,70
2009Yala,Metric,BADULLA,693,4,5,6,7973
2009Yala,Metric,MONARAGALA,718,4,8,6,7325
2009Yala,Metric,VAVUNIYA,253,209,3,998,197
2009Yala,Metric,ANURADHAPURA,122,11881,3,17781,4
2009Yala,Metric,POLONNARUWA,774,724,4,473,4
2009Yala,Metric,TRINCOMALEE,376,1,4,864,4
2009Yala,Metric,BATTICALOA,255,12376,510,16020,4
2009Yala,Metric,AMPARA,75,44082,68,45303,4
2009Yala,Metric,HAMBANTOTA,10,17734,117,21853,5
2008-2009Maha,Metric,COLOMBO,4506,4504,3554,3829,13605
2008-2009Maha,Metric,GAMPAHA,10826,10678,3353,9076,30430
2008-2009Maha,Metric,KALUTARA,14684,14637,3115,13502,42055
2008-2009Maha,Metric,MATARA,16171,15787,3631,12464,45251
2008-2009Maha,Metric,RATNAPURA,12995,12965,3462,11021,38149
2008-2009Maha,Metric,KURUNEGALA,77291,76812,3940,76812,302664
2008-2009Maha,Metric,PUTTALAM,19680,19541,3976,16610,66038
2008-2009Maha,Metric,KANDY,14071,13495,3768,10672,40208
2008-2009Maha,Metric,MATALE,19374,18958,3759,17049,64090
2008-2009Maha,Metric,NUWARAELIYA,5576,5567,4145,3137,13002
2008-2009Maha,Metric,BADULLA,27225,20117,4484,17099,76667
2008-2009Maha,Metric,MONARAGALA,26529,13618,4413,13346,58892
2008-2009Maha,Metric,ANURADHAPURA,80724,79159,4633,63652,294898
2008-2009Maha,Metric,POLONNARUWA,57298,56929,5223,50359,263014
2008-2009Maha,Metric,TRINCOMALEE,23014,22969,4463,21338,95236
2008-2009Maha,Metric,BATTICALOA,45905,45854,3639,40471,147278
2008-2009Maha,Metric,AMPARA,69979,68448,5158,65416,337390
2008-2009Maha,Metric,HAMBANTOTA,25575,25315,5295,22117,117115
2008Yala,Metric,COLOMBO,2,1,2,942,3
2008Yala,Metric,GAMPAHA,317,501,4,796,7
2008Yala,Metric,KALUTARA,812,9,9,92,1
2008Yala,Metric,GALLE,1,1,3,942,3
2008Yala,Metric,MATARA,351,5975,8,658,1
2008Yala,Metric,RATNAPURA,92,1331,3,249,1
2008Yala,Metric,KEGALLE,7,5,3,77,3
2008Yala,Metric,KURUNEGALA,152,1,2,4636,6
2008Yala,Metric,PUTTALAM,16,4484,7,94,1
2008Yala,Metric,KANDY,921,1629,3,626,1
2008Yala,Metric,MATALE,122,1960,1,424,1
2008Yala,Metric,NUWARAELIYA,595,87,563,3,7
2008Yala,Metric,BADULLA,431,2746,1,21,1
2008Yala,Metric,MONARAGALA,772,3716,1,548,1
2008Yala,Metric,VAVUNIYA,136,1646,4,472,4
2008Yala,Metric,ANURADHAPURA,3203,9133,2547,1,6
2008Yala,Metric,POLONNARUWA,528,1942,4460,5,0
2008Yala,Metric,TRINCOMALEE,22,3232,5145,4,606
2008Yala,Metric,BATTICALOA,112,7728,111,1,82
2008Yala,Metric,AMPARA,686,168,662,1,40
2008Yala,Metric,HAMBANTOTA,996,4500,960,1,386
2008Yala,Metric,UDA WALAWE,718,503,198,10293,63793
2007-2008Maha,Metric,COLOMBO,3767,3767,3502,3202,11212
2007-2008Maha,Metric,GAMPAHA,9360,9328,3495,7929,27714
2007-2008Maha,Metric,KALUTARA,13476,13476,2884,12431,35847
2007-2008Maha,Metric,MATARA,14865,14842,3887,11718,45546
2007-2008Maha,Metric,RATNAPURA,12025,11906,3305,10120,33449
2007-2008Maha,Metric,KURUNEGALA,75351,75243,3838,75243,288764
2007-2008Maha,Metric,PUTTALAM,12284,12050,3834,10242,39269
2007-2008Maha,Metric,KANDY,13476,13453,3764,10639,40040
2007-2008Maha,Metric,MATALE,19119,18878,3559,16977,60427
2007-2008Maha,Metric,NUWARAELIYA,5627,5627,3929,3171,12458
2007-2008Maha,Metric,BADULLA,25331,25288,4094,21495,88002
2007-2008Maha,Metric,MONARAGALA,25827,25415,3993,24906,99446
2007-2008Maha,Metric,ANURADHAPURA,72717,71520,4311,57509,247941
2007-2008Maha,Metric,POLONNARUWA,55529,55240,4900,48865,239437
2007-2008Maha,Metric,TRINCOMALEE,18987,16592,4381,15414,67534
2007-2008Maha,Metric,BATTICALOA,19134,17030,3661,15030,55020
2007-2008Maha,Metric,AMPARA,64490,64435,4864,61580,299533
2007-2008Maha,Metric,HAMBANTOTA,24234,24007,4762,20975,99879
2007Yala,Metric,COLOMBO,6,3,6,68,8
2007Yala,Metric,GAMPAHA,12,446,837,2395,3
2007Yala,Metric,KALUTARA,5,4,968,7114,2
2007Yala,Metric,GALLE,5871,5840,263,3262,4570
2007Yala,Metric,MATARA,55,3345,970,6,964
2007Yala,Metric,RATNAPURA,116,1,1,474,7320
2007Yala,Metric,KEGALLE,898,3,210,3,317
2007Yala,Metric,KURUNEGALA,132,406,3,22780,4
2007Yala,Metric,PUTTALAM,945,3,219,5,215
2007Yala,Metric,KANDY,252,3,2,96,8054
2007Yala,Metric,MATALE,171,2,555,5,526
2007Yala,Metric,BADULLA,997,705,997,15,1
2007Yala,Metric,MONARAGALA,498,5,324,8,923
2007Yala,Metric,ANURADHAPURA,1,11281,9,1,4623
2007Yala,Metric,POLONNARUWA,4,626,65,4,817
2007Yala,Metric,BATTICALOA,19,705,36,2,141
2007Yala,Metric,AMPARA,5,423,25,3,841
2007Yala,Metric,HAMBANTOTA,7,17214,20771,5,38
2006-2007Maha,Metric,COLOMBO,2,2,550,3349,3
2006-2007Maha,Metric,GAMPAHA,6,8,8091,3,79
2006-2007Maha,Metric,KALUTARA,801,7,9,728,1
2006-2007Maha,Metric,GALLE,12395,1,3,418,3418
2006-2007Maha,Metric,MATARA,845,3,7,291,1
2006-2007Maha,Metric,RATNAPURA,987,1,3,237,1
2006-2007Maha,Metric,KEGALLE,89,6,255,3,103
2006-2007Maha,Metric,KURUNEGALA,2799,3,6,9736,4739
2006-2007Maha,Metric,PUTTALAM,337,2579,940,525,11774
2006-2007Maha,Metric,KANDY,958,3,3,189,1
2006-2007Maha,Metric,MATALE,20,4,3,469,1
2006-2007Maha,Metric,NUWARAELIYA,194,1,121,5,331
2006-2007Maha,Metric,BADULLA,637,10397,231,22260,5060
2006-2007Maha,Metric,MONARAGALA,614,6,8,814,2
2006-2007Maha,Metric,KILLINOCHCHI,9,731,1,4345,3542
2006-2007Maha,Metric,VAVUNIYA,248,690,4,52,4
2006-2007Maha,Metric,MULATIVU,14,3,3,699,9235
2006-2007Maha,Metric,MANNAR,5668,5442,584,3,874
2006-2007Maha,Metric,ANURADHAPURA,9947,24853,760,5,7490
2006-2007Maha,Metric,POLONNARUWA,591,47837,106,50533,5143
2006-2007Maha,Metric,TRINCOMALEE,575,11527,824,15926,4386
2006-2007Maha,Metric,BATTICALOA,1,5,522,1,4685
2006-2007Maha,Metric,AMPARA,155,46823,770,51747,5029
2006-2007Maha,Metric,HAMBANTOTA,3,16834,59,21875,5429
2006Yala,Metric,COLOMBO,3,1,4,56,2
2006Yala,Metric,GAMPAHA,8,158,628,1,102
2006Yala,Metric,KALUTARA,8,2,12,9,385
2006Yala,Metric,GALLE,886,869,205,2,720
2006Yala,Metric,MATARA,105,1443,6,390,1
2006Yala,Metric,RATNAPURA,263,1,397,9,482
2006Yala,Metric,KEGALLE,5471,5,3,55,3
2006Yala,Metric,KURUNEGALA,7221,5093,6360,7,110
2006Yala,Metric,PUTTALAM,223,3,6,574,4257
2006Yala,Metric,KANDY,599,3,501,7,893
2006Yala,Metric,MATALE,965,3,7,268,3925
2006Yala,Metric,NUWARAELIYA,430,4,4,1,883
2006Yala,Metric,BADULLA,121,1337,1,8,1
2006Yala,Metric,MONARAGALA,398,4,6,579,4383
2006Yala,Metric,VAVUNIYA,28,420,526,4,367
2006Yala,Metric,ANURADHAPURA,706,1201,2,3,2
2006Yala,Metric,POLONNARUWA,657,1657,909,4,628
2006Yala,Metric,TRINCOMALEE,50,781,3,573,4415
2006Yala,Metric,BATTICALOA,79,5498,2,2,1
2006Yala,Metric,AMPARA,309,5036,5,9,5
2006Yala,Metric,HAMBANTOTA,202,1,1,6406,4
2005-2006Maha,Metric,COLOMBO,87,100,231,4416,3
2005-2006Maha,Metric,GAMPAHA,86,1,7,469,9753
2005-2006Maha,Metric,KALUTARA,11207,1,3160,3,207
2005-2006Maha,Metric,GALLE,14104,1,3,493,3498
2005-2006Maha,Metric,MATARA,901,3,8,228,1
2005-2006Maha,Metric,RATNAPURA,645,1,3,696,1
2005-2006Maha,Metric,KEGALLE,554,6,940,4,63
2005-2006Maha,Metric,KURUNEGALA,27942,3,7,3205,4
2005-2006Maha,Metric,PUTTALAM,361,1360,296,680,11263
2005-2006Maha,Metric,KANDY,174,3,3,744,1
2005-2006Maha,Metric,MATALE,221,5,3,523,1
2005-2006Maha,Metric,NUWARAELIYA,569,935,569,121,5
2005-2006Maha,Metric,BADULLA,555,10394,212,22156,4
2005-2006Maha,Metric,MONARAGALA,154,5,5,148,1
2005-2006Maha,Metric,KILLINOCHCHI,9,731,1,4324,3
2005-2006Maha,Metric,VAVUNIYA,169,330,156,251,9
2005-2006Maha,Metric,MULATIVU,26,3,3,699,9235
2005-2006Maha,Metric,MANNAR,334,8,6,9,326
2005-2006Maha,Metric,ANURADHAPURA,3,27306,369,6,1705
2005-2006Maha,Metric,POLONNARUWA,610,49922,131,52659,4
2005-2006Maha,Metric,TRINCOMALEE,918,14565,733,23195,4
2005-2006Maha,Metric,BATTICALOA,58,17156,4,6573,3
2005-2006Maha,Metric,AMPARA,31,54942,660,62632,4
2005-2006Maha,Metric,HAMBANTOTA,527,15241,111,19873,5
2005Yala,Metric,COLOMBO,80,6,1,616,2
2005Yala,Metric,GAMPAHA,47,7,268,3,408
2005Yala,Metric,KALUTARA,9,7,9,705,1
2005Yala,Metric,GALLE,342,275,499,2,783
2005Yala,Metric,MATARA,803,4115,7,673,1
2005Yala,Metric,RATNAPURA,733,375,2,814,1
2005Yala,Metric,KEGALLE,7774,7,3,62,3
2005Yala,Metric,KURUNEGALA,7850,4961,5010,12695,3
2005Yala,Metric,PUTTALAM,9,2,5,634,3869
2005Yala,Metric,KANDY,685,3,300,8,774
2005Yala,Metric,MATALE,774,2,5,276,3257
2005Yala,Metric,NUWARAELIYA,452,4,6,1,893
2005Yala,Metric,BADULLA,99,1394,2,2,1
2005Yala,Metric,MONARAGALA,371,3,6,82,3951
2005Yala,Metric,KILLINOCHCHI,2,3,3599,3,350
2005Yala,Metric,VAVUNIYA,1,6,6,1,330
2005Yala,Metric,MULATIVU,78,1,2,442,3
2005Yala,Metric,MANNAR,35,132,3,815,4101
2005Yala,Metric,ANURADHAPURA,150,4294,1,8,2
2005Yala,Metric,POLONNARUWA,840,1812,778,4,315
2005Yala,Metric,TRINCOMALEE,552,1552,447,4,615
2005Yala,Metric,BATTICALOA,261,1253,418,3,854
2005Yala,Metric,AMPARA,436,5,5,6322,4
2005Yala,Metric,HAMBANTOTA,269,1,1,6492,4
2005Maha,Metric,COLOMBO,141,8,3,365,4
2005Maha,Metric,GAMPAHA,7811,191,10170,3226,3
2005Maha,Metric,KALUTARA,938,3642,936,1,1581
2005Maha,Metric,GALLE,4323,74,3614,3,719
2005Maha,Metric,MATARA,8439,610,14695,4415,3
2005Maha,Metric,RATNAPURA,3786,899,12228,4138,2
2005Maha,Metric,KEGALLE,8,636,3,361,3
2005Maha,Metric,KURUNEGALA,4805,1,4163,60493,4354
2005Maha,Metric,PUTTALAM,6,4,77,10510,4190
2005Maha,Metric,KANDY,4117,34,13526,4718,2
2005Maha,Metric,MATALE,3438,328,15783,4568,3
2005Maha,Metric,NUWARAELIYA,1,1,21,5,759
2005Maha,Metric,BADULLA,666,1,87,22112,5
2005Maha,Metric,KILLINOCHCHI,26,9470,8,129,17113
2005Maha,Metric,VAVUNIYA,1,3,43,8,322
2005Maha,Metric,MULATIVU,4704,172,10362,3704,4
2005Maha,Metric,MANNAR,2,8,4,9,529
2005Maha,Metric,ANURADHAPURA,2157,1153,3,269,61011
2005Maha,Metric,POLONNARUWA,682,4,46,52222,5048
2005Maha,Metric,TRINCOMALEE,386,1,257,24637,4
2005Maha,Metric,BATTICALOA,913,6182,2,6313,45318
2005Maha,Metric,AMPARA,108,5,910,59288,4
2005Maha,Metric,HAMBANTOTA,614,1,199,18678,4
