Report_Date,CBSL_MonthlyWage_Paddy_Ploughing_with_Mammoties,CBSL_MonthlyWage_Paddy_Transplanting_and_Harvesting,CBSL_Producer_Price_Paddy_LKR,CBSL_Wage_Manuring,CBSL_Wage_Ploughing_with_Mammoties,CBSL_Wage_Ploughing_with_Ploughs,CBSL_Wage_Sowing,CBSL_Wage_Spraying,CBSL_Wage_Threshing,CBSL_Wage_Transplanting_and_Harvesting,CBSL_Wage_Winnowing
2013,,,33.22,850.0,885.0,939.0,879.0,950.0,916.0,818.0,857.0
2014,,,41.12,912.0,940.0,1070.0,931.0,1050.0,981.0,885.0,922.0
2015,,,41.12,1012.0,1045.0,1129.0,1041.0,1172.0,1077.0,970.0,1019.0
2016,,,38.58,1122.0,1128.0,1197.0,1134.0,1264.0,1157.0,1073.0,1095.0
2017,,,49.07,1224.0,1229.0,1295.0,1237.0,1399.0,1266.0,1150.0,1174.0
2018,,,47.93,1327.0,1365.0,1404.0,1340.0,1507.0,1482.0,1298.0,1339.0
2019,,,44.49,1450.0,1464.0,1508.0,1465.0,1600.0,1568.0,1412.0,1475.0
2020,,,51.66,1513.0,1517.0,1545.0,1516.0,1662.0,1579.0,1484.0,1493.0
2021,,,54.01,1612.0,1594.0,1633.0,1584.0,1791.0,1633.0,1532.0,1581.0
2022,2356.0,1682.0,110.718833214428,2075.0,2163.0,2133.0,2115.0,2403.0,2195.0,2053.0,2104.0
2023,2567.0,1807.0,96.0544736202802,2318.0,2435.0,2424.0,2423.0,2705.0,2413.0,2393.0,2510.0
2024,2695.0,1900.0,109.324294070883,2442.0,2649.0,2634.0,2546.0,2962.0,2560.0,2567.0,2675.0
