Report_Date,FAO_Fung_Bact_Benzimidazoles_Agricultural_Use_t,FAO_Fung_Bact_Dithiocarbamates_Agricultural_Use_t,FAO_Fung_Bact_Inorganics_Agricultural_Use_t,FAO_Fung_Bact_Triazoles_diazoles_Agricultural_Use_t,FAO_Fung_Bact_nes_Agricultural_Use_t,FAO_Fung_Bact_â_Benzimidazoles_Agricultural_Use_t,FAO_Fung_Bact_â_Dithiocarbamates_Agricultural_Use_t,FAO_Fung_Bact_â_Inorganics_Agricultural_Use_t,FAO_Fung_Bact_â_Triazoles_diazoles_Agricultural_Use_t,FAO_Fungicides_and_Bactericides_Agricultural_Use_t,FAO_Herbicides_Agricultural_Use_t,FAO_Herbicides_Amides_Agricultural_Use_t,FAO_Herbicides_Bipiridils_Agricultural_Use_t,FAO_Herbicides_Carbamates_Agricultural_Use_t,FAO_Herbicides_Dinitroanilines_Agricultural_Use_t,FAO_Herbicides_Phenoxy_hormone_products_Agricultural_Use_t,FAO_Herbicides_Sulfonyl_ureas_Agricultural_Use_t,FAO_Herbicides_Triazines_Agricultural_Use_t,FAO_Herbicides_Urea_derivates_Agricultural_Use_t,FAO_Herbicides_nes_Agricultural_Use_t,FAO_Herbicides_â_Amides_Agricultural_Use_t,FAO_Herbicides_â_Bipiridils_Agricultural_Use_t,FAO_Herbicides_â_Carbamates_Agricultural_Use_t,FAO_Herbicides_â_Dinitroanilines_Agricultural_Use_t,FAO_Herbicides_â_Phenoxy_hormone_products_Agricultural_Use_t,FAO_Herbicides_â_Sulfonyl_ureas_Agricultural_Use_t,FAO_Herbicides_â_Triazines_Agricultural_Use_t,FAO_Herbicides_â_Urea_derivates_Agricultural_Use_t,FAO_Insecticides_Agricultural_Use_t,FAO_Insecticides_Carbamates_Agricultural_Use_t,FAO_Insecticides_Chlorinated_Hydrocarbons_Agricultural_Use_t,FAO_Insecticides_Organo_phosphates_Agricultural_Use_t,FAO_Insecticides_Pyrethroids_Agricultural_Use_t,FAO_Insecticides_nes_Agricultural_Use_t,FAO_Insecticides_â_Carbamates_Agricultural_Use_t,FAO_Insecticides_â_Chlorinated_Hydrocarbons_Agricultural_Use_t,FAO_Insecticides_â_Organo_phosphates_Agricultural_Use_t,FAO_Insecticides_â_Pyrethroids_Agricultural_Use_t,FAO_Pesticides_total_Agricultural_Use_t,FAO_Pesticides_total_Export_quantity_t,FAO_Pesticides_total_Export_value_1000_USD,FAO_Pesticides_total_Import_quantity_t,FAO_Pesticides_total_Import_value_1000_USD,FAO_Pesticides_total_Use_per_area_of_cropland_kg_ha,FAO_Pesticides_total_Use_per_capita_kg_cap,FAO_Pesticides_total_Use_per_value_of_agricultural_production_g_Int,FAO_Plant_Growth_Regulators_Agricultural_Use_t,FAO_Rodenticides_Agricultural_Use_t,FAO_Rodenticides_Anti_coagulants_Agricultural_Use_t,FAO_Rodenticides_â_Anti_coagulants_Agricultural_Use_t
2015,39.0,665.0,77.0,7.0,109.0,39.0,665.0,77.0,7.0,898.0,1062.0,,0.0,0.0,3.0,181.0,8.0,5.0,148.0,718.0,,0.0,0.0,3.0,181.0,8.0,5.0,148.0,580.0,89.0,0.0,372.0,0.0,119.0,89.0,0.0,372.0,0.0,2540.0,433.288,1188.306,10771.221,65896.276,1.1,0.12,0.31,0.0,0.0,,
2016,27.0,482.0,53.0,6.0,92.0,27.0,482.0,53.0,6.0,659.0,971.0,,0.0,0.0,4.0,218.0,12.0,5.0,195.0,538.0,,0.0,0.0,4.0,218.0,12.0,5.0,195.0,295.0,95.0,0.0,114.0,0.0,85.0,95.0,0.0,114.0,0.0,1925.0,265.688,662.261,7902.5154,54564.262,0.83,0.09,0.25,0.0,0.0,,
2017,27.0,262.0,122.0,7.0,57.0,27.0,262.0,122.0,7.0,475.0,596.0,124.0,0.0,0.0,3.0,64.0,7.0,5.0,205.0,313.0,124.0,0.0,0.0,3.0,64.0,7.0,5.0,205.0,195.0,38.0,0.0,117.0,0.0,40.0,38.0,0.0,117.0,0.0,1266.0,74.9217,428.8439,5514.4791,38075.659,0.55,0.06,0.18,0.0,0.0,,
2018,18.0,617.0,125.0,8.0,63.0,18.0,617.0,125.0,8.0,831.0,1174.0,158.0,0.0,0.0,7.0,155.0,6.0,3.0,309.0,537.0,158.0,0.0,0.0,7.0,155.0,6.0,3.0,309.0,256.0,94.0,0.0,120.0,0.0,42.0,94.0,0.0,120.0,0.0,2261.0,61.4584,285.1114,6368.2493,45376.7469,0.95,0.1,0.3,0.0,0.0,0.0,0.0
2019,22.0,369.0,60.0,9.0,122.0,22.0,369.0,60.0,9.0,581.0,716.0,179.0,0.0,0.0,4.0,245.0,12.0,4.0,118.0,154.0,179.0,0.0,0.0,4.0,245.0,12.0,4.0,118.0,229.0,75.0,0.0,88.0,0.0,67.0,75.0,0.0,88.0,0.0,1526.0,47.9951,141.3789,7222.0196,52677.8348,0.64,0.07,0.2,0.0,0.0,0.0,0.0
2020,23.0,586.0,113.0,16.0,120.0,23.0,586.0,113.0,16.0,857.0,1348.0,259.0,0.0,0.0,16.0,350.0,19.0,18.0,108.0,578.0,259.0,0.0,0.0,16.0,350.0,19.0,18.0,108.0,368.0,169.0,0.0,112.0,0.0,88.0,169.0,0.0,112.0,0.0,2573.0,93.5197,260.374,10033.3785,64738.3809,1.08,0.11,0.3,0.0,0.0,0.0,0.0
2021,,,,,,,,,,925.0,1455.0,,,,,,,,,,,,,,,,,,398.0,,,,,,,,,,2778.0,64.0434,301.4935,7715.8332,45562.3584,1.17,0.12,0.31,0.0,0.0,,
2022,,,,,,,,,,713.0,1121.0,,,,,,,,,,,,,,,,,,306.0,,,,,,,,,,2140.0,45.6516,1110.4092,5944.724,44764.2842,0.9,0.09,0.29,0.0,0.0,,
2023,22.0,342.0,12.0,8.0,,22.0,342.0,12.0,8.0,586.0,991.0,,,,5.0,227.0,6.0,1.0,60.0,,,,,5.0,227.0,6.0,1.0,60.0,221.0,50.0,,58.0,0.0,,50.0,,58.0,0.0,1798.0,22.0019,182.2964,9006.3644,62879.6402,0.7,0.08,0.23,0.0,0.0,,
2024,7.0,434.0,73.0,3.0,,7.0,434.0,73.0,3.0,575.0,3213.0,,,,18.0,298.0,182.0,4.0,111.0,,,,,18.0,298.0,182.0,4.0,111.0,308.0,37.0,,96.0,0.0,,37.0,,96.0,0.0,4096.0,47.6689,262.1087,15545.5398,88626.8718,1.59,0.18,0.51,0.0,0.0,,
